Tempe ASU Pan Evaporation (inches),,,,Values in blue are multi-day totals as a result of missed readings on previous days,,,,,,,,,,,,,,,,,,,,, ,,Values in blue are multi-day totals as a result of missed readings on previous days,,,,,,,,,,,Red indicates estimate,,,
Day,1982,1983,1984,1985,1986,1987,1988,1989,1990,1991,1992,1993,1994,1995,1996,1997,1998,1999,2000,2001,2002,2003,2004,2005,2006,2007,2008,2009,2010,2011,2012,2013,2014,2015,2016,2017,2018,2019,2020,2021.00,E indicates an estimated value
1-Jan,0.10,0.09,0.07,0.09,0.03,0.09,M,0.08,0.14,M,0.13,0.10,0.10,0.07,0.08,0.01,M,M,0.10,0.09,0.10,0.05,0.09,0.03,0.08,0.07,0.10,0.03,0.08,0.05,0.08,0.07,0.03,0.03,0.02,0.03,0.09,0.02,0.08,0.07,
2-Jan,0.02,0.12,0.12,0.13,0.08,0.10,0.22,0.08,0.07,0.15,0.13,0.00,0.08,0.08,0.08,0.09,M,0.12,0.03,0.09,0.12,0.13,0.04,0.06,0.09,0.07,0.09,0.07,0.08,0.03,0.08,0.06,0.05,0.09,0.04,0.03,0.06,0.02,0.06,0.09,
3-Jan,0.01,0.09,0.10,0.12,0.07,0.13,0.08,0.11,0.11,0.10,0.11,0.04,0.14,0.05,0.13,0.07,M,0.07,0.05,0.20,0.05,0.15,0.07,0.02,0.11,0.06,0.08,0.04,0.10,0.05,0.08,0.12,0.02,0.05,0.08,0.03,0.09,0.03,M,0.06,
4-Jan,0.07,0.09,0.12,0.13,0.06,0.13,0.08,0.07,0.10,0.00,0.02,0.17,0.10,0.02,0.13,0.08,M,0.12,0.14,0.13,0.09,0.09,0.07,0.05,0.10,0.09,0.07,0.02,0.09,0.08,0.09,0.08,0.03,0.07,0.02,0.04,0.06,0.07,0.15,0.08,
5-Jan,0.08,0.09,0.07,0.15,0.08,0.11,0.03,0.10,0.05,0.04,0.08,0.07,0.09,0.30,0.12,0.09,M,M,0.13,0.12,0.10,0.10,0.07,0.06,0.10,0.06,0.04,0.04,0.07,0.03,0.07,0.06,0.11,0.05,0.04,0.05,0.10,0.02,0.05,0.08,
6-Jan,0.05,0.09,0.02,0.11,0.10,0.09,0.04,0.02,M,0.00,0.00,0.01,0.15,0.05,0.07,0.08,M,0.22,0.13,0.08,0.11,0.12,0.08,0.05,0.19,0.09,0.04,0.06,0.09,0.05,0.08,0.10,0.04,0.05,0.02,0.09,0.10,0.00,0.07,0.12,
7-Jan,0.13,0.09,0.07,0.08,0.19,0.10,0.06,0.10,M,0.06,0.21,0.01,0.14,0.08,0.10,0.04,M,0.13,0.14,0.07,0.05,M,0.06,0.07,0.10,0.10,0.04,0.06,0.07,0.06,0.10,0.08,0.02,0.06,0.02,0.08,0.05,M,M,0.07,
8-Jan,0.15,0.09,0.05,0.00,0.15,0.07,0.07,0.10,0.35,0.08,0.05,0.01,0.10,0.14,0.19,0.16,0.08,M,0.15,0.09,0.09,0.03,0.06,0.04,0.09,0.06,0.09,0.05,0.08,0.07,0.15,0.02,0.03,0.08,0.07,0.06,0.09,M,0.23,0.08,
9-Jan,0.18,0.11,0.07,0.06,0.16,0.10,M,0.11,0.05,0.01,0.15,0.19,0.09,0.08,0.17,0.08,0.03,0.23,0.06,0.06,0.12,0.04,0.10,0.03,0.11,0.09,0.03,0.07,0.08,0.06,0.06,0.06,0.05,0.05,0.04,0.03,0.12,0.14,0.06,0.12,
10-Jan,0.14,0.14,0.14,0.08,0.10,0.12,0.15,0.09,0.11,0.03,M,0.00,0.12,0.07,0.11,0.12,0.01,0.12,0.09,0.04,0.08,0.06,0.20,0.04,0.11,0.05,0.04,0.07,M,0.05,0.06,0.03,0.25,0.09,0.03,0.04,0.13,0.05,0.08,0.12,
11-Jan,0.01,0.14,0.11,0.12,0.17,0.15,0.08,0.14,0.10,0.09,0.30,0.18,0.09,0.07,0.15,0.08,0.03,0.10,0.10,0.10,0.10,M,0.15,0.06,0.12,0.11,0.06,0.07,0.17,0.08,0.08,0.11,0.08,0.06,0.02,0.06,0.08,0.06,M,0.13,
12-Jan,0.05,0.21,0.10,0.12,0.15,0.19,0.08,0.15,0.15,0.11,0.13,0.00,0.15,0.06,0.16,0.09,0.03,0.07,0.10,0.06,0.12,0.15,0.10,0.07,0.09,0.05,0.07,0.08,0.11,0.09,0.05,0.11,0.08,0.02,0.07,0.07,M,0.06,M,0.09,
13-Jan,0.08,0.15,0.09,0.00,0.15,0.15,0.10,0.15,0.13,0.09,0.12,0.06,0.08,M,0.15,0.11,0.06,0.14,0.14,0.03,0.13,0.10,0.11,0.06,0.08,0.07,0.06,0.08,0.09,0.11,0.09,0.06,0.03,0.04,0.05,0.04,M,0.06,M,0.10,
14-Jan,0.08,0.17,0.05,0.06,0.12,0.06,0.14,0.11,0.12,0.10,0.12,0.04,0.11,0.11,0.14,0.07,0.08,M,0.13,0.10,0.09,0.10,0.12,0.06,0.12,M,0.09,0.08,0.08,0.10,0.07,0.09,0.04,0.08,0.08,0.07,0.26,0.05,M,0.09,
15-Jan,0.06,0.19,0.06,0.10,0.03,0.14,0.13,0.09,M,0.15,0.11,0.13,0.13,0.10,0.09,0.07,0.10,0.27,0.14,0.08,0.11,0.08,0.11,0.06,0.10,0.10,0.09,0.08,0.11,0.09,0.06,0.00,0.08,0.05,0.07,0.03,0.10,0.05,M,0.11,
16-Jan,0.08,0.12,0.09,0.09,0.09,0.04,0.11,m,0.20,0.16,0.13,0.08,0.12,0.05,0.15,0.11,0.13,0.09,0.12,0.04,0.05,0.12,0.07,0.06,0.14,0.07,0.08,0.09,0.09,0.11,0.04,0.04,0.10,0.06,0.04,0.04,0.05,0.05,0.44,0.11,
17-Jan,0.11,0.09,0.11,0.11,0.14,0.09,0.11,0.27,0.02,0.09,0.13,0.05,0.11,0.08,0.20,0.09,0.10,0.15,0.12,0.05,0.09,0.11,0.10,0.06,0.11,0.07,0.09,0.10,0.09,0.08,0.10,0.09,0.11,0.08,0.05,0.04,0.13,0.06,0.07,0.13,
18-Jan,0.10,0.10,0.13,0.11,0.08,0.06,0.05,0.14,0.00,0.19,0.14,0.08,0.11,0.07,0.20,0.23,0.11,0.09,0.12,0.08,0.08,0.12,0.11,0.16,0.08,0.07,0.06,0.12,0.01,0.06,0.07,0.10,0.10,0.09,0.04,0.08,M,0.07,M,0.12,
19-Jan,0.09,0.08,0.09,0.09,0.15,0.05,0.07,0.15,0.06,0.13,0.15,0.08,0.15,0.06,0.08,0.22,0.13,0.11,0.12,0.10,0.11,0.13,M,0.10,0.15,0.03,0.07,0.13,0.00,0.10,0.09,0.09,0.12,0.08,0.07,0.07,0.17,0.10,M,0.09,
20-Jan,0.07,0.07,0.10,0.11,0.17,0.15,0.10,0.24,0.07,0.09,0.07,0.12,0.11,0.11,0.15,0.10,0.13,0.14,0.10,0.09,0.07,0.09,0.19,0.08,0.08,0.06,0.08,0.10,0.04,0.08,0.07,0.11,0.08,0.06,0.06,0.08,0.04,0.07,M,0.30,
21-Jan,0.10,0.09,0.11,0.12,0.15,0.13,0.11,0.21,0.13,0.15,0.11,0.11,0.13,0.09,0.09,0.17,0.14,0.17,0.13,0.11,0.12,0.05,0.11,0.06,0.11,0.03,0.06,0.12,0.04,0.10,0.08,0.11,0.10,0.06,0.05,0.01,0.14,0.14,M,0.11,
22-Jan,0.06,0.09,0.11,0.12,0.09,0.07,0.15,m,0.12,0.15,0.10,0.00,0.08,0.05,0.12,0.06,0.10,0.18,0.08,0.13,0.06,0.09,0.01,0.08,0.11,0.04,0.08,0.05,0.13,0.09,0.10,0.09,0.10,0.13,0.07,0.02,0.04,M,M,0.14,
23-Jan,0.08,0.10,0.11,M,0.15,0.15,0.06,0.25,M,0.11,0.08,0.10,0.19,0.10,0.04,0.11,0.09,M,0.07,M,0.13,0.09,0.14,0.11,0.11,0.09,0.08,0.05,0.04,0.11,0.09,0.09,M,0.10,0.07,0.04,0.08,0.13,0.50,0.14,
24-Jan,0.09,0.08,0.12,0.04,0.08,0.13,0.16,0.15,0.21,0.13,0.22,0.14,0.06,0.07,0.07,M,0.12,0.19,0.12,0.28,0.19,0.11,0.04,0.08,0.15,0.06,0.06,0.08,0.04,0.10,0.06,0.10,M,0.11,0.08,0.07,0.06,M,0.08,0.06,
25-Jan,0.09,0.09,0.12,0.08,0.15,0.06,0.22,0.11,0.21,0.15,0.11,0.19,0.11,0.07,0.13,0.19,0.13,0.14,0.12,0.13,0.17,0.11,0.07,0.09,0.12,0.08,0.02,0.07,0.14,0.06,0.07,0.04,M,0.12,0.09,0.06,0.12,0.15,0.08,0.10,
26-Jan,0.11,0.09,0.13,0.04,0.23,M,0.13,m,0.10,0.15,0.11,0.16,0.11,0.06,0.13,0.03,0.12,0.13,0.19,0.15,0.12,0.13,0.09,0.04,0.09,0.07,0.09,0.15,0.08,0.10,0.06,0.00,M,0.05,0.09,0.05,0.15,0.10,0.08,0.00,
27-Jan,0.11,0.15,0.18,0.06,0.19,0.30,0.22,0.16,0.14,0.15,0.21,0.13,0.09,0.06,0.10,0.06,0.14,M,0.14,0.06,0.11,0.17,0.08,0.05,0.13,0.07,0.04,0.09,0.07,0.08,0.08,0.08,M,0.03,0.18,0.13,0.11,0.11,0.09,0.10,
28-Jan,0.10,0.14,0.18,0.08,0.15,0.13,0.19,0.04,0.15,0.13,0.19,0.10,0.08,0.16,M,0.11,0.14,M,0.14,0.05,0.11,0.12,0.09,0.07,0.10,0.03,0.10,0.13,0.05,M,0.14,0.08,M,0.07,0.07,0.19,0.09,0.12,0.14,0.08,
29-Jan,0.10,0.05,0.15,0.09,0.18,0.13,0.15,0.10,0.13,0.15,0.20,0.13,0.10,0.08,0.26,0.15,0.13,M,M,0.05,0.14,0.14,0.11,0.05,0.12,0.03,0.10,0.12,0.05,0.09,0.13,0.12,M,0.09,0.09,0.10,0.20,0.13,0.07,0.17,
30-Jan,0.10,0.00,0.22,0.06,0.12,0.17,0.19,0.15,M,0.15,0.17,0.11,0.11,0.24,0.07,0.23,0.13,M,M,0.15,0.02,0.14,0.10,0.06,0.06,0.10,0.09,0.14,0.06,0.02,0.09,0.03,M,0.09,0.11,0.09,0.07,0.15,0.17,0.08,
31-Jan,0.09,0.05,0.15,0.13,0.04,0.07,0.05,0.16,0.34,0.19,0.17,0.15,0.12,0.12,M,0.16,0.13,M,M,0.17,0.09,0.13,0.09,0.06,0.08,0.06,0.12,0.06,0.08,0.03,0.12,0.10,0.14,0.00,0.09,0.16,0.06,0.05,0.13,0.10,
1-Feb,0.13,0.11,0.15,0.10,0.09,0.06,0.12,0.12,M,0.15,0.16,0.13,0.15,0.06,0.15,0.05,0.12,M,M,0.05,0.15,0.15,0.14,0.09,0.04,0.01,0.03,0.05,0.10,0.43,0.06,0.08,0.09,0.00,0.13,0.07,0.14,M,0.09,0.11,
2-Feb,0.13,0.08,0.12,0.07,0.13,0.10,M,0.15,0.09,0.16,0.12,M,0.14,0.12,0.09,0.16,0.12,M,0.30,0.21,0.07,0.15,0.09,0.11,0.08,0.07,0.06,0.05,0.05,0.20,0.11,0.11,0.14,0.13,0.11,0.07,0.12,0.30,0.15,0.07,
3-Feb,0.13,0.00,0.11,0.02,0.12,0.14,0.15,0.20,M,0.22,0.57,0.09,0.10,0.23,0.08,0.15,0.18,M,0.15,0.18,0.10,0.15,M,0.12,0.10,0.07,0.07,0.08,0.13,0.09,0.15,0.10,0.14,0.10,0.07,0.08,0.10,0.04,0.00,0.24,
4-Feb,0.14,0.00,0.18,0.04,0.15,0.13,0.09,0.13,M,0.15,0.26,0.13,0.13,0.16,0.06,0.15,0.11,M,0.17,0.11,0.13,0.12,0.08,0.13,0.13,0.08,0.09,0.14,0.13,0.06,0.09,0.09,0.05,0.07,0.08,0.06,0.17,M,0.07,0.11,
5-Feb,0.13,0.02,0.18,0.11,0.05,0.15,0.10,0.22,0.45,0.19,0.15,0.21,0.12,0.12,0.16,0.17,0.16,M,M,0.21,0.17,0.13,0.13,0.15,0.06,0.08,0.00,0.15,0.16,0.10,0.07,0.13,0.09,0.10,0.09,0.10,0.14,0.15,0.15,0.25,
6-Feb,0.17,0.04,0.19,0.08,0.15,0.25,0.18,0.12,0.12,0.25,0.12,0.21,0.13,0.13,0.19,0.19,0.14,M,M,0.14,0.15,0.19,0.14,0.07,0.06,0.10,0.02,0.14,0.07,0.05,0.12,0.14,M,0.12,0.09,0.05,0.11,M,0.16,0.13,
7-Feb,0.14,0.04,0.19,0.11,0.12,0.28,0.15,0.09,0.13,0.37,0.10,0.15,0.06,0.10,0.14,0.15,0.12,M,M,0.26,0.16,0.11,0.13,0.20,0.11,0.09,0.02,0.07,0.02,0.10,0.11,0.09,0.07,0.09,0.11,0.05,0.07,0.14,0.00,0.14,
8-Feb,0.06,0.07,0.19,0.10,0.08,0.18,0.15,0.09,0.08,0.15,0.05,0.05,0.08,0.15,0.13,0.16,0.09,0.17,0.14,0.20,0.05,0.08,0.14,0.07,0.13,0.09,0.04,0.05,0.02,0.11,0.10,0.12,0.08,0.11,0.25,0.05,0.07,0.10,0.15,0.10,
9-Feb,0.08,0.07,0.15,0.11,0.03,0.19,0.15,0.14,0.12,0.17,0.13,0.03,0.07,0.15,0.14,0.16,0.06,M,0.15,0.14,0.24,0.10,0.12,0.12,0.09,0.09,0.09,0.13,0.02,0.00,0.11,0.13,0.14,0.11,0.14,0.15,0.09,0.09,0.14,0.08,
10-Feb,0.05,0.10,0.18,0.14,0.08,0.26,0.16,0.14,0.07,0.18,0.04,0.08,0.09,0.16,0.15,0.15,0.14,0.24,0.15,0.10,0.22,0.12,0.14,0.08,0.13,0.08,0.08,0.05,0.13,0.12,0.14,0.10,0.09,0.10,0.11,0.12,0.15,0.12,0.13,0.15,
11-Feb,0.09,0.12,0.21,0.20,0.11,0.13,0.21,0.12,0.15,0.15,0.10,0.15,0.15,0.12,0.10,0.22,0.10,M,0.16,0.10,0.20,0.10,M,0.02,0.12,M,0.15,0.07,0.10,0.17,0.13,0.10,0.11,0.16,0.15,0.15,0.22,0.07,0.00,0.10,
12-Feb,0.14,0.16,0.17,0.19,0.08,0.20,0.21,0.16,0.11,0.16,0.08,0.09,0.15,0.10,0.30,0.12,0.13,0.22,0.22,0.10,0.15,0.06,0.30,0.06,0.12,0.15,0.09,0.07,0.08,0.07,0.13,0.14,0.12,0.16,0.13,0.15,0.17,0.12,0.10,0.23,
13-Feb,0.13,0.12,0.16,0.16,0.12,0.18,0.21,0.19,0.09,0.20,0.06,0.09,0.23,0.08,0.31,0.11,0.06,0.21,0.10,0.25,0.14,0.00,0.04,0.03,0.13,0.11,0.05,0.04,0.08,0.25,0.12,0.02,0.19,0.15,0.17,0.08,0.11,0.15,0.11,0.14,
14-Feb,0.17,0.17,0.20,0.24,0.09,0.29,0.12,0.13,0.15,0.22,0.13,0.08,0.14,0.07,0.38,0.17,0.06,M,0.12,0.01,0.15,0.06,0.12,0.10,0.10,0.08,0.12,0.14,0.10,0.39,0.14,0.12,0.09,0.11,0.11,0.10,0.01,0.10,0.08,0.21,
15-Feb,0.13,0.09,0.22,0.19,0.11,0.21,0.21,0.18,0.15,0.15,0.05,0.07,0.14,0.01,0.55,0.20,0.07,0.21,0.13,0.08,0.11,0.05,0.09,0.05,0.12,0.07,0.03,M,0.19,0.15,0.07,0.07,0.11,0.12,0.12,0.20,0.10,0.02,0.12,0.19,
16-Feb,0.13,0.12,0.19,0.20,0.05,0.15,0.18,0.14,0.18,0.15,0.13,0.11,0.12,0.08,0.14,0.23,0.14,M,0.10,0.12,0.27,0.07,0.05,0.04,0.13,0.10,0.05,0.10,0.15,0.10,0.09,M,0.11,0.06,0.18,0.17,0.00,0.03,0.04,0.14,
17-Feb,0.14,0.13,0.27,0.18,0.09,0.16,0.20,0.23,0.14,0.23,0.10,0.13,0.12,0.11,0.27,0.18,0.03,0.18,M,0.10,0.07,0.09,0.13,0.12,0.12,0.12,0.08,0.16,0.13,0.13,0.13,0.32,0.13,0.15,0.36,0.12,0.00,0.04,0.15,0.22,
18-Feb,0.17,0.14,0.15,0.16,0.15,0.13,0.20,0.20,0.14,0.06,0.13,0.11,0.23,0.14,0.18,0.21,0.03,0.11,M,0.13,0.23,0.10,0.15,0.05,0.13,0.14,0.06,0.08,0.12,0.10,0.11,M,0.11,0.17,0.16,0.05,0.06,0.01,0.25,0.15,
19-Feb,0.14,0.20,0.16,0.16,0.08,0.22,0.15,0.16,0.15,0.20,0.15,0.01,0.14,0.37,0.14,0.19,0.09,0.21,M,0.17,0.15,0.15,0.18,M,0.14,0.09,0.09,0.05,0.08,0.12,0.10,0.30,0.15,0.08,0.15,0.11,0.25,0.03,0.14,0.15,
20-Feb,0.23,0.16,0.26,0.17,0.18,0.16,0.22,0.24,0.14,0.17,0.16,0.18,0.14,0.29,0.08,0.21,0.04,0.20,M,0.17,0.21,0.09,0.11,0.06,0.14,0.07,0.11,0.14,0.02,0.01,0.12,0.09,0.15,0.08,0.17,0.06,0.11,0.02,0.14,0.24,
21-Feb,0.17,0.16,0.18,0.12,0.23,0.19,0.19,0.26,0.09,0.15,0.12,0.12,0.13,0.15,0.08,0.26,0.08,0.20,0.27,0.19,0.18,0.14,0.09,0.10,0.12,0.07,0.10,0.08,0.15,0.09,0.17,0.10,0.13,0.08,0.10,0.12,0.15,0.00,0.17,0.21,
22-Feb,0.19,0.17,0.15,0.05,0.15,0.20,0.16,0.25,0.14,0.25,M,0.13,0.16,0.20,0.19,0.23,0.12,M,M,0.09,0.22,0.09,0.22,0.08,0.04,0.08,0.12,0.18,0.00,0.09,0.10,M,0.15,0.08,0.20,0.20,0.15,0.00,0.07,0.19,
23-Feb,0.18,0.17,0.20,0.11,0.20,0.15,0.18,m,0.23,0.21,0.35,0.19,0.26,0.16,0.15,0.20,0.12,0.38,0.12,0.15,0.20,0.15,M,0.07,0.03,0.19,0.05,0.12,0.09,0.11,0.15,M,0.14,0.04,0.22,0.14,0.13,0.05,0.16,0.17,
24-Feb,0.08,0.23,0.17,0.17,0.23,0.05,0.17,0.38,0.19,0.18,0.24,0.11,0.22,0.21,0.13,0.15,0.11,0.13,0.16,0.25,0.23,0.14,0.04,0.11,0.09,0.08,0.06,0.15,0.15,0.09,0.15,0.12,0.10,0.18,0.17,0.17,M,0.06,0.06,0.21,
25-Feb,0.06,0.16,0.24,0.18,0.19,0.00,0.21,0.20,0.23,0.26,0.21,0.14,0.06,0.18,0.06,0.14,0.13,0.17,0.15,0.15,0.23,0.02,0.08,0.14,0.09,0.16,0.06,0.22,0.18,0.12,0.15,0.18,0.12,0.15,0.07,0.14,0.15,0.04,0.07,0.17,
26-Feb,0.09,0.11,0.26,0.21,0.23,M,0.19,0.22,0.17,0.17,0.26,0.14,0.18,0.14,0.03,0.19,0.12,0.29,0.16,0.21,0.21,0.12,0.09,0.11,0.12,0.08,0.15,0.16,0.20,0.10,0.12,0.10,0.15,0.12,0.03,0.11,0.14,0.09,0.11,0.21,
27-Feb,0.16,0.10,0.23,0.17,0.27,0.11,0.14,0.25,0.15,0.23,0.23,0.18,0.17,0.19,0.02,M,0.22,0.18,0.18,0.13,0.19,0.05,0.10,0.13,0.13,0.18,0.17,0.27,0.02,0.10,0.25,0.13,0.15,0.16,0.07,0.07,0.07,0.11,0.05,0.16,
28-Feb,0.15,0.14,0.21,0.23,0.25,0.15,0.19,0.29,0.17,0.22,0.24,0.07,0.15,0.19,0.20,M,0.16,0.21,0.16,0.09,0.30,0.07,0.07,0.11,0.14,0.28,0.15,0.15,0.07,0.13,0.23,0.15,0.20,0.12,0.24,0.01,0.03,0.14,0.18,0.25,
Feb-29, ------------, ------------,0.17, ------------, ------------, ------------,0.25, ------------, ------------, ------------,0.15, ------------, ------------, ------------,M, ------------, ------------, ------------,0.17, ------------, ------------, ------------,0.25, ------------, ------------, ------------,0.15, ------------, ------------, ------------,0.12, ------------, ------------, ------------,0.24,------------,------------,------------,0.15,------------,
1-Mar,0.16,0.19,0.24,0.17,0.24,0.15,0.24,0.27,0.30,M,0.22,0.09,0.22,0.06,0.10,M,0.22,0.16,M,0.07,0.22,0.14,0.13,0.13,0.14,0.13,0.18,0.19,0.07,0.15,0.16,0.18,0.05,0.15,0.16,0.15,0.14,0.19,0.11,0.21,
2-Mar,0.18,0.13,0.22,0.21,0.24,0.12,0.08,0.11,0.20,M,0.12,0.07,0.22,0.16,0.18,M,0.18,0.15,M,M,0.18,0.09,0.08,0.11,0.12,0.04,0.18,0.21,0.10,0.09,0.21,0.15,0.10,0.14,0.15,0.18,0.13,0.15,0.10,0.18,
3-Mar,0.20,0.03,0.20,0.23,0.23,0.15,0.18,0.12,0.26,M,0.10,0.20,0.14,0.19,0.22,0.19,0.15,0.25,0.30,0.21,0.21,0.13,0.07,0.24,0.13,0.14,0.18,0.08,0.13,0.17,0.15,0.11,0.23,0.00,0.16,0.14,0.14,0.12,0.13,0.33,
4-Mar,0.19,0.02,0.31,0.13,0.30,0.24,0.15,0.15,0.15,M,0.10,0.15,0.22,0.25,0.21,0.19,0.23,0.20,0.23,0.17,0.24,0.12,0.06,0.09,0.13,0.15,0.15,0.11,M,0.18,0.17,0.13,0.12,0.10,0.19,0.15,M,0.19,0.15,0.18,
5-Mar,0.24,0.06,0.34,0.16,0.25,0.21,0.16,0.22,0.30,0.66,0.10,0.18,0.20,0.13,0.23,0.28,0.16,0.17,0.05,0.19,0.25,0.12,0.31,0.12,0.12,0.13,0.17,0.21,0.30,0.20,0.16,0.15,0.15,0.17,0.15,0.10,M,0.15,0.30,0.18,
6-Mar,0.22,0.15,0.24,0.16,0.30,0.16,0.24,0.26,0.22,0.23,0.20,0.18,0.21,0.10,0.24,0.28,0.23,0.23,M,0.22,0.21,0.15,0.12,0.05,0.14,0.12,0.19,0.13,0.20,0.18,0.23,0.15,0.08,0.15,0.25,0.18,0.56,0.12,0.27,0.22,
7-Mar,0.20,0.10,0.16,0.16,0.19,0.18,0.29,0.20,0.22,0.17,0.10,0.19,0.18,0.21,0.20,0.06,0.29,0.17,0.18,0.11,0.15,0.17,0.15,0.11,0.16,0.14,0.12,0.31,0.09,0.21,0.31,0.20,0.03,0.20,0.20,0.19,0.14,M,M,0.24,
8-Mar,0.18,0.14,0.25,0.12,0.24,0.15,0.27,0.24,0.28,0.30,0.10,0.23,0.12,0.17,0.18,0.33,0.16,0.10,0.12,0.06,0.15,0.12,0.19,M,M,0.21,0.15,0.08,0.10,0.25,0.16,0.09,0.13,0.20,0.15,0.15,0.15,0.19,0.28,0.29,
9-Mar,0.19,0.20,0.21,0.13,0.30,0.20,0.24,0.28,0.18,0.15,0.08,0.22,0.20,0.23,0.21,0.35,0.20,0.18,0.11,M,0.23,0.22,0.15,0.15,M,0.18,0.17,0.11,0.05,0.17,0.18,0.07,0.15,0.19,0.11,0.11,0.18,0.16,0.10,0.29,
10-Mar,0.19,0.19,0.23,0.17,0.17,M,M,0.15,0.03,0.21,0.05,0.20,0.21,0.21,0.19,0.38,0.34,0.18,0.14,M,0.20,0.22,0.27,0.23,M,0.17,0.16,0.20,0.11,0.15,0.27,0.09,0.14,0.19,0.20,0.14,0.13,0.07,0.10,0.30,
11-Mar,0.15,0.20,0.27,0.03,0.05,M,0.52,0.27,0.12,0.30,0.19,0.21,0.21,0.14,0.17,0.25,0.20,0.23,0.20,M,0.19,0.15,0.19,0.19,0.26,0.16,0.17,0.27,0.14,0.24,0.12,0.12,0.17,0.22,0.15,0.30,0.12,0.18,0.00,0.18,
12-Mar,0.03,0.22,0.26,0.13,0.10,M,0.22,0.19,0.13,0.19,M,0.28,0.24,0.05,0.24,0.30,0.24,0.19,0.25,M,0.29,0.18,0.15,0.26,0.09,0.21,0.18,0.35,0.15,0.13,0.18,0.15,0.16,0.12,0.19,0.20,0.14,0.15,0.03,0.16,
13-Mar,0.09,0.20,0.21,0.19,0.13,M,0.22,0.27,0.25,0.15,M,0.25,0.21,0.18,0.17,0.27,0.20,M,0.14,M,0.30,0.22,0.10,0.19,0.21,0.23,0.14,0.21,M,0.22,0.19,0.22,M,0.20,0.20,0.22,0.26,0.12,0.01,0.06,
14-Mar,M,0.18,0.31,0.27,0.07,0.26,0.27,0.25,0.20,0.23,0.66,0.20,0.25,0.19,0.07,0.31,0.12,M,0.19,M,0.33,0.15,0.19,0.15,0.24,0.34,0.28,0.18,0.34,0.26,0.13,0.21,0.12,0.27,0.17,0.16,0.08,0.13,M,0.09,
15-Mar,M,0.16,0.25,0.21,0.11,0.25,0.25,0.27,0.22,0.13,0.21,0.15,0.31,0.19,0.13,0.25,0.05,M,0.23,0.40,0.23,0.13,0.30,0.30,0.28,0.21,0.29,0.22,0.19,0.20,0.20,0.17,0.30,0.20,0.18,0.18,0.04,0.17,0.24,0.18,
16-Mar,0.18,0.21,0.25,0.13,0.16,0.10,0.24,0.25,0.23,0.15,0.24,0.20,0.27,0.28,0.18,0.43,0.05,M,0.28,0.29,0.15,0.06,0.30,0.19,0.15,0.21,0.17,0.18,0.21,0.18,0.25,0.21,0.40,0.20,0.22,0.18,0.04,0.15,0.14,0.22,
17-Mar,0.13,0.19,0.28,0.18,0.15,0.10,0.31,0.25,0.27,0.15,0.21,0.25,0.22,0.25,0.18,0.26,0.13,M,0.21,0.24,0.18,0.06,0.23,0.15,0.21,0.20,0.11,0.19,0.19,0.24,0.28,0.19,M,0.25,0.26,0.27,0.10,0.10,0.18,0.20,
18-Mar,0.14,0.10,0.34,0.24,0.15,0.27,0.29,0.24,0.26,0.20,M,0.24,0.15,0.28,0.29,0.20,0.21,M,0.35,0.23,0.24,0.11,0.19,0.12,0.18,0.30,0.16,0.26,0.22,0.30,0.17,0.28,0.45,0.11,0.22,0.22,0.25,0.15,0.09,0.15,
19-Mar,0.09,0.12,0.25,0.22,0.20,0.18,0.32,0.26,0.27,0.13,0.38,0.23,0.15,0.22,0.22,0.30,0.23,M,0.22,0.27,0.22,0.15,0.26,0.11,0.01,0.22,0.19,0.17,0.27,0.19,0.07,0.25,0.33,0.14,0.23,0.25,0.30,0.27,0.13,0.23,
20-Mar,0.14,0.13,0.24,0.13,0.23,0.25,0.25,0.30,0.28,0.15,0.30,0.17,0.11,0.24,0.28,0.30,0.19,M,0.26,0.28,0.25,0.18,0.24,0.10,0.10,0.21,0.18,M,0.22,0.14,0.11,0.13,0.10,0.14,0.21,0.25,0.16,0.22,0.18,0.23,
21-Mar,0.19,0.13,0.31,0.25,0.28,0.23,0.26,0.33,0.20,0.10,0.04,0.22,0.18,0.28,0.23,0.30,0.22,M,0.22,0.29,0.29,0.23,0.26,0.15,0.20,0.24,0.20,0.22,0.17,0.18,0.20,0.13,M,0.25,0.22,0.27,0.15,0.29,0.11,0.33,
22-Mar,0.21,0.11,0.39,0.27,0.27,0.30,0.30,0.29,0.27,0.16,0.12,0.23,0.25,0.25,0.27,0.27,0.21,1.88,0.18,0.25,0.28,0.14,0.29,0.29,0.15,0.00,M,0.37,0.30,0.17,0.14,0.13,M,0.15,0.33,0.24,0.30,0.16,0.26,0.34,
23-Mar,0.21,0.16,0.33,0.26,0.27,0.20,0.29,0.26,0.29,0.15,0.28,0.24,0.28,0.28,0.16,0.30,0.22,0.21,0.23,0.26,0.26,0.19,0.33,0.21,0.12,0.00,M,0.34,0.13,0.15,0.22,0.13,M,0.18,0.37,0.22,0.45,0.21,0.13,0.19,
24-Mar,0.21,0.11,0.25,0.26,0.30,0.29,0.34,0.29,0.27,0.22,0.14,0.30,0.30,0.27,0.35,0.28,0.29,0.31,0.19,0.27,0.20,0.28,0.44,0.10,0.16,0.20,0.73,M,0.17,0.25,M,0.18,0.79,0.23,0.21,0.19,M,0.18,0.23,0.16,
25-Mar,0.17,0.17,0.31,0.29,0.30,0.28,0.33,0.29,0.33,0.15,0.23,0.25,0.24,0.25,0.23,0.30,0.34,0.22,0.27,0.24,0.35,0.24,0.27,0.13,0.26,0.15,0.16,0.39,0.15,0.16,0.44,0.14,0.04,0.26,0.23,0.22,0.15,0.15,0.18,0.22,
26-Mar,0.10,0.17,0.35,0.30,0.26,0.24,0.37,0.15,0.24,0.12,0.22,0.20,0.05,M,0.21,0.34,0.20,M,0.19,0.11,0.24,0.18,0.37,0.27,0.26,0.20,0.23,0.45,0.23,0.25,0.26,0.34,0.26,0.25,M,0.15,0.15,0.23,0.14,0.21,
27-Mar,0.13,0.19,0.37,0.30,0.31,0.28,0.40,0.11,0.26,0.19,0.08,0.07,0.25,0.24,0.25,0.31,0.12,0.19,0.26,0.21,0.25,0.26,0.16,0.15,0.15,0.30,0.24,0.30,0.19,0.19,0.18,0.10,0.23,0.24,0.33,0.15,0.14,0.20,0.30,0.17,
28-Mar,0.19,0.21,0.33,0.29,0.34,0.28,0.42,0.19,0.26,0.09,0.11,0.18,0.27,0.27,0.30,0.29,0.13,0.20,0.10,0.28,0.20,0.29,0.24,0.14,0.14,0.20,0.26,0.22,0.22,0.24,0.27,0.12,0.18,0.25,0.30,0.10,0.14,M,0.22,0.25,
29-Mar,0.32,0.20,0.30,0.25,0.30,0.26,0.35,0.27,0.23,0.16,0.19,0.12,0.15,0.27,0.35,0.30,0.05,0.20,M,0.21,0.20,M,0.35,0.24,0.31,0.19,0.36,0.16,0.26,0.21,0.23,0.19,0.15,0.15,0.34,0.28,0.30,M,0.19,0.20,
30-Mar,0.19,0.22,0.35,0.19,0.33,0.25,0.30,0.27,0.18,0.20,0.22,0.18,0.28,0.29,0.18,0.29,0.36,0.25,M,0.32,0.19,0.23,0.38,0.20,0.26,0.22,0.23,0.26,0.24,0.27,0.20,0.30,0.15,0.15,0.19,0.27,0.28,0.37,0.20,0.27,
31-Mar,0.20,0.29,0.31,0.24,0.24,0.28,0.37,0.30,0.14,0.23,0.22,M,0.42,0.30,0.28,0.24,0.43,0.24,0.30,0.28,0.23,0.24,0.36,0.37,0.31,0.27,0.18,0.31,0.22,0.26,0.32,0.28,0.24,0.36,0.12,0.41,0.21,0.21,0.15,0.37,
1-Apr,0.31,0.37,0.35,0.31,0.19,0.29,0.26,0.39,0.18,0.30,0.03,0.18,0.30,0.30,0.27,0.30,0.20,M,0.11,0.23,0.41,0.30,0.24,0.30,0.24,0.12,0.17,0.24,0.32,0.26,0.23,0.26,0.31,0.43,0.21,0.15,0.09,0.25,0.24,0.45,
2-Apr,0.27,0.27,0.25,0.25,0.34,0.32,0.23,0.31,0.24,0.26,0.15,0.30,0.30,0.33,0.28,0.14,0.45,M,0.18,0.27,0.33,0.25,M,0.23,M,0.25,0.29,0.32,0.19,0.30,0.34,0.24,0.27,0.28,0.20,0.18,0.31,0.20,0.25,0.35,
3-Apr,0.19,0.36,0.27,0.31,0.26,0.43,0.18,0.30,0.29,0.26,0.22,0.27,0.27,0.30,0.31,M,0.25,M,M,0.33,0.36,0.25,M,0.35,M,0.23,0.24,0.24,0.30,0.37,0.19,M,0.06,0.27,0.30,0.24,0.27,0.20,0.28,0.29,
4-Apr,0.25,0.30,0.31,M,0.27,0.26,0.28,0.39,0.27,0.26,0.29,0.30,0.40,0.33,0.27,M,0.25,M,M,0.24,0.37,0.25,M,0.20,0.45,0.23,0.26,0.15,0.19,0.30,0.20,0.45,0.05,0.29,0.21,0.15,0.19,M,0.15,0.33,
5-Apr,0.27,0.17,0.33,0.29,0.33,0.21,0.28,0.40,0.23,0.34,0.20,0.30,0.39,0.34,0.31,0.25,0.27,M,M,0.29,0.23,0.16,0.84,0.27,0.26,0.19,0.26,0.29,0.26,0.25,0.20,0.25,0.24,0.22,0.26,0.29,0.30,M,M,0.32,
6-Apr,0.24,M,0.19,0.32,0.33,0.22,0.32,0.42,0.25,0.30,0.27,0.26,0.33,0.31,0.29,0.24,0.43,M,0.34,0.11,0.19,0.32,0.09,0.21,0.21,0.25,0.27,0.28,0.33,0.24,0.32,0.28,0.32,0.30,0.22,0.27,0.20,0.61,0.64,0.42,
7-Apr,0.30,M,0.09,0.28,0.23,0.28,0.37,0.42,0.15,0.33,0.28,0.26,0.14,0.33,0.26,0.24,0.44,M,0.26,0.27,0.13,0.25,0.10,0.23,0.26,0.27,0.28,0.25,0.31,0.21,0.22,0.28,0.35,0.26,0.23,0.13,0.20,0.14,0.17,0.40,
8-Apr,0.26,M,0.22,0.29,0.24,0.37,0.34,0.41,0.25,0.30,0.28,0.27,0.29,M,0.30,0.29,0.25,0.70,0.29,0.24,0.26,0.28,0.20,0.40,M,0.30,0.25,0.36,0.32,0.30,0.22,0.33,0.50,0.25,0.21,0.25,0.10,0.15,0.35,0.30,
9-Apr,0.20,0.25,0.31,0.38,0.31,0.35,0.36,0.43,0.38,0.30,0.29,0.36,0.31,0.65,0.28,0.36,0.19,0.35,0.35,0.18,0.30,0.32,0.30,0.24,M,0.27,0.27,0.28,0.32,0.22,0.24,0.30,0.24,0.25,0.23,0.23,0.15,0.31,0.20,0.39,
10-Apr,0.24,0.25,0.28,0.36,0.27,0.34,0.45,0.39,0.34,0.32,0.29,0.36,0.35,0.20,0.43,0.42,0.17,0.25,M,0.26,0.24,0.29,0.21,0.25,0.29,0.27,0.26,0.25,0.25,0.06,0.25,0.13,0.19,0.25,0.20,0.37,M,0.30,0.25,0.40,
11-Apr,0.23,0.34,0.24,0.37,0.25,0.39,0.33,0.37,0.28,0.45,M,0.36,0.19,0.23,0.23,0.30,0.45,0.15,M,0.17,0.39,0.33,0.34,0.22,0.17,0.29,0.29,0.20,0.24,0.20,0.29,0.30,0.25,0.15,0.08,0.24,M,0.30,0.00,0.25,
12-Apr,0.28,0.23,0.30,0.35,0.30,0.41,0.32,0.33,0.28,0.30,0.60,0.23,0.30,0.24,0.35,0.28,0.32,0.38,M,0.21,0.29,0.26,0.26,0.26,0.24,0.44,0.25,0.09,0.37,0.26,0.30,0.24,0.34,0.30,0.26,0.15,0.82,M,0.20,0.30,
13-Apr,0.28,0.19,0.30,0.38,0.39,0.37,0.35,0.40,0.38,0.35,0.42,0.24,0.29,0.26,0.37,0.36,0.37,M,0.19,0.13,0.28,0.20,0.22,0.28,0.27,0.17,0.22,0.22,0.29,0.28,0.24,0.30,0.30,0.23,0.21,0.30,0.20,M,0.24,0.37,
14-Apr,0.32,0.21,0.40,0.37,0.30,0.31,0.27,0.32,0.30,0.25,0.35,0.33,0.34,0.31,M,0.30,0.32,0.22,0.30,0.21,0.36,0.30,0.37,0.28,M,0.26,0.23,0.27,0.27,0.34,0.30,0.25,0.30,0.26,0.20,0.39,0.20,M,0.21,0.36,
15-Apr,0.33,0.25,0.42,0.35,0.33,0.31,0.20,0.37,0.45,0.30,M,0.32,0.30,0.25,0.59,0.21,0.29,0.32,0.27,0.36,0.50,0.26,0.30,M,M,0.28,0.30,0.39,0.07,0.32,0.15,0.43,0.23,0.39,0.28,0.24,0.19,0.80,0.25,0.36,
16-Apr,0.29,0.26,0.31,0.40,0.34,0.33,0.10,0.34,0.43,0.28,0.30,0.30,0.44,0.22,0.34,0.45,0.31,0.34,0.24,0.38,0.30,0.22,0.29,M,M,0.23,0.23,0.19,0.14,0.31,0.15,0.32,0.30,0.35,0.35,0.30,0.23,0.27,0.41,0.34,
17-Apr,0.32,0.30,0.38,0.42,0.38,0.35,0.13,0.42,0.33,0.40,0.31,0.27,0.45,0.12,0.30,0.39,0.30,M,0.26,0.25,0.24,0.34,0.31,0.85,0.29,0.13,0.28,0.21,0.18,0.34,0.38,0.43,0.26,0.30,0.26,M,0.23,0.30,0.25,0.30,
18-Apr,0.30,0.32,0.35,0.38,0.34,0.35,0.10,0.37,0.30,0.30,0.38,0.30,0.28,0.16,0.33,0.29,0.34,M,0.29,0.35,0.44,0.23,0.30,M,0.29,0.31,0.23,0.20,0.24,0.35,0.30,0.30,0.25,0.24,0.30,0.78,0.30,0.26,0.14,0.37,
19-Apr,0.35,0.26,0.43,0.26,M,0.35,0.25,0.38,0.30,0.30,0.38,0.35,0.36,M,0.35,0.40,0.36,1.01,0.31,0.31,0.34,M,0.32,0.35,0.45,0.32,0.26,0.31,0.20,0.30,0.36,0.30,0.25,0.30,0.31,0.47,0.24,0.30,0.20,0.24,
20-Apr,0.38,0.25,0.37,0.35,M,0.34,0.33,0.44,0.37,0.38,0.30,0.34,0.42,M,0.31,0.30,0.33,0.23,0.28,0.28,0.26,0.54,0.28,0.26,0.31,0.24,0.30,0.27,0.29,0.34,M,0.30,M,0.27,0.24,0.29,0.28,0.45,0.26,0.26,
21-Apr,0.42,0.17,0.31,0.24,0.34,M,0.22,0.30,0.34,0.37,0.40,0.36,0.36,0.26,0.28,0.26,0.40,0.41,0.24,0.14,0.30,0.23,0.29,M,0.22,0.15,0.30,0.55,0.35,0.27,0.90,0.24,M,0.32,0.30,0.35,0.34,0.45,0.42,0.56,
22-Apr,0.29,0.19,0.30,0.22,0.38,0.80,0.17,0.45,0.36,0.28,M,0.30,0.35,0.38,0.30,0.35,0.32,0.16,M,0.28,0.41,0.27,0.25,0.45,0.24,0.18,0.28,0.40,0.21,0.33,0.29,0.10,M,0.34,0.26,0.33,0.32,0.45,0.29,0.36,
23-Apr,0.28,0.27,0.31,0.30,0.34,0.39,0.22,0.42,0.29,0.30,M,0.36,0.39,0.32,0.30,0.25,0.41,0.32,M,M,0.31,0.24,0.30,0.27,0.24,0.31,0.29,0.30,0.21,0.36,0.38,0.12,M,0.31,0.23,0.39,0.27,0.30,0.31,0.36,
24-Apr,0.34,0.31,0.37,0.36,0.35,0.39,0.30,0.33,0.30,0.29,1.13,0.36,0.28,0.35,0.54,0.46,0.40,0.14,1.35,0.50,0.35,0.25,0.34,0.16,0.25,0.20,0.32,0.35,0.15,0.31,0.30,0.10,0.47,0.19,0.34,0.41,0.29,0.31,0.35,0.31,
25-Apr,0.28,0.38,0.50,0.41,0.37,0.45,0.27,0.33,0.15,0.34,0.42,0.36,0.28,0.37,0.20,M,0.28,0.27,0.22,0.40,0.40,0.30,0.33,0.26,0.22,0.25,0.30,0.34,0.38,0.41,0.25,M,M,0.18,0.49,0.39,0.29,0.33,0.33,0.40,
26-Apr,0.31,0.27,0.36,0.39,0.40,0.45,0.32,0.38,0.34,0.30,0.13,0.28,0.20,0.42,0.40,0.31,0.23,0.32,0.64,0.49,0.43,0.34,0.38,M,0.27,0.28,0.40,0.39,0.30,0.48,0.18,M,M,0.24,0.28,0.36,0.35,0.34,0.36,0.29,
27-Apr,0.32,0.30,0.29,0.20,0.42,0.51,0.35,0.30,0.35,0.38,0.26,0.34,0.20,0.39,0.37,0.40,0.28,0.33,0.29,0.43,0.27,0.23,0.35,0.37,0.41,0.31,0.45,M,0.35,0.43,0.30,M,M,0.15,0.30,0.28,0.25,0.36,0.45,0.31,
28-Apr,0.35,0.29,0.13,0.11,0.36,0.40,0.28,0.36,0.35,0.42,0.48,0.30,0.24,0.29,0.55,0.23,0.28,0.35,0.39,0.42,0.26,0.37,0.36,0.25,0.15,0.33,0.29,0.35,0.33,0.30,0.30,2.05,M,0.27,0.29,0.30,0.40,0.38,0.35,0.28,
29-Apr,0.31,0.34,0.10,0.22,0.34,0.36,0.29,m,0.43,0.30,0.26,0.35,0.35,0.39,0.39,0.27,0.30,0.35,0.49,0.41,0.30,0.37,0.44,0.16,0.23,0.28,0.31,0.26,0.45,0.39,0.30,0.37,M,0.26,0.28,0.57,0.40,0.29,0.36,0.27,
30-Apr,0.30,0.31,0.23,0.28,0.39,0.32,0.40,0.71,0.41,0.30,0.52,0.41,0.35,0.30,0.34,0.33,0.32,M,0.36,0.32,0.34,0.27,0.51,0.22,0.29,0.37,0.46,0.26,0.30,0.50,0.28,0.34,M,0.29,0.26,0.18,0.33,0.22,0.30,0.40,
1-May,0.39,0.29,M,0.41,0.35,0.39,M,0.36,0.35,0.31,0.41,0.40,0.25,M,0.38,0.40,0.34,0.36,M,0.53,0.27,0.27,M,0.24,0.32,0.28,0.41,0.27,0.45,0.30,0.30,0.36,2.54,0.34,0.25,0.26,0.25,0.28,0.22,0.38,
2-May,0.32,0.29,M,0.44,0.39,0.33,0.75,0.39,0.28,0.45,0.52,0.43,0.11,0.36,0.40,M,0.33,0.25,M,0.31,0.28,0.30,M,0.42,0.38,0.32,0.31,0.29,0.35,0.32,0.37,0.34,0.39,0.33,0.22,0.33,0.27,0.22,0.37,0.52,
3-May,0.35,0.29,0.32,0.42,0.44,0.28,0.30,0.35,0.32,0.33,0.46,0.40,0.30,0.34,0.37,0.67,0.31,0.25,0.99,0.40,0.29,0.26,M,0.30,0.35,0.34,0.27,M,0.24,0.30,0.29,0.36,0.33,0.37,0.30,0.30,0.21,M,0.36,,
4-May,0.34,0.30,0.38,0.43,0.42,0.30,0.38,0.37,0.45,0.36,0.40,0.36,0.33,0.42,0.41,0.43,0.35,0.28,M,0.39,0.27,0.32,1.11,0.28,0.39,0.39,0.25,0.72,0.26,0.25,0.34,0.26,0.46,0.32,M,0.24,M,0.61,0.38,,
5-May,0.21,0.37,0.45,0.39,0.34,M,0.45,0.38,0.39,0.34,0.24,0.37,0.45,0.45,M,0.41,0.30,0.26,M,0.40,0.31,0.26,0.29,0.34,0.40,M,0.46,0.33,0.38,0.28,0.30,0.44,0.30,0.25,0.60,0.38,0.63,0.26,0.36,,
6-May,0.29,0.37,0.41,0.32,0.41,0.84,0.38,0.33,0.45,0.33,0.30,0.37,0.40,0.27,0.77,0.17,0.33,M,M,0.24,0.43,0.26,0.34,0.33,0.26,M,0.39,0.32,0.45,0.32,0.32,0.29,0.34,0.29,0.33,0.37,0.33,M,0.50,,
7-May,0.35,0.30,0.38,0.32,0.33,0.57,0.34,0.49,0.45,0.38,0.38,0.34,0.39,0.23,0.37,0.43,0.37,M,0.49,0.32,0.41,0.29,0.33,0.30,0.33,0.97,0.28,0.33,0.41,0.37,0.37,0.39,0.29,0.27,0.28,0.28,0.27,M,0.30,,
8-May,0.45,0.36,0.47,0.33,0.30,0.49,0.29,0.45,0.48,0.39,0.14,0.37,0.36,0.27,0.41,0.38,0.33,M,M,0.39,0.36,0.30,0.34,0.24,0.35,0.30,0.29,0.37,0.20,0.41,0.30,0.21E,0.29,0.25,0.26,0.34,0.34,M,0.39,,
9-May,0.38,0.36,0.41,0.32,0.38,0.49,0.33,0.62,0.42,0.42,0.40,0.48,0.41,0.31,0.42,0.43,0.30,M,0.77,0.36,0.38,0.30,0.33,0.36,0.39,0.35,0.30,0.39,0.50,0.52,0.32,0.28 E,0.24,0.18,0.23,0.22,0.35,1.00,0.36,,
10-May,0.33,0.43,0.41,0.42,0.37,M,0.25,0.38,0.45,0.45,0.25,0.49,0.30,0.36,0.39,0.45,0.37,M,0.33,0.37,0.41,0.24,0.37,0.31,0.30,0.38,0.25,0.34,0.35,0.33,0.29,0.29 E,0.33,0.24,0.28,0.22,0.37,0.29,0.25,,
11-May,0.30,0.39,0.37,0.36,M,0.85,0.44,0.45,0.45,0.34,0.28,0.45,0.25,0.34,0.35,0.33,0.39,M,M,0.39,M,0.29,0.40,0.29,0.34,0.29,0.29,0.34,0.25,0.31,M,0.40,0.50,0.33,0.35,0.24,M,0.29,0.54,,
12-May,0.27,0.34,0.42,0.35,M,0.43,0.44,0.38,0.39,0.32,0.42,0.49,0.20,0.35,0.35,0.46,0.39,M,0.25,0.40,0.82,0.34,0.35,0.28,0.37,0.36,0.43,0.41,0.50,0.30,0.63,0.33,0.23,0.34,0.28,0.29,1.00,0.30,0.35,,
13-May,0.32,0.31,0.34,0.40,0.38,0.44,0.43,0.35,0.38,0.37,0.28,0.43,0.33,0.45,0.38,0.44,0.25,M,0.38,0.46,0.45,0.30,0.37,0.30,0.34,0.29,0.35,0.31,0.32,0.34,0.30,0.34,0.39,0.33,0.37,0.40,0.29,0.23,0.40,,
14-May,0.24,0.35,0.54,0.36,0.37,0.45,0.49,0.43,0.40,0.41,0.31,0.32,0.32,0.34,0.45,0.43,0.24,M,0.38,0.40,0.43,0.20,0.28,0.24,0.39,0.46,0.16,0.37,0.31,0.37,0.35,0.30,0.45,0.41,0.30,0.34,0.32,M,0.27,,
15-May,0.38,0.30,0.38,0.41,0.42,0.41,0.41,0.37,0.45,0.32,0.24,0.45,0.48,0.30,0.42,0.44,0.33,M,0.32,0.38,0.41,0.30,0.39,0.30,0.41,0.39,0.29,0.38,0.39,0.37,0.39,0.45,0.28,0.33,0.38,0.39,M,M,0.33,,
16-May,0.33,0.36,0.45,0.43,0.38,0.31,0.33,0.32,0.40,0.30,0.45,0.32,0.55,0.37,0.42,0.43,0.41,M,0.45,0.40,0.48,0.30,M,0.47,0.35,0.32,0.25,0.34,0.33,0.42,0.41,0.41,0.35,0.06,0.30,0.29,M,M,0.32,,
17-May,0.34,0.40,0.41,0.32,0.45,0.43,0.40,0.27,0.39,0.36,0.40,0.36,0.39,0.25,0.47,0.53,0.33,0.28,M,0.46,0.43,0.28,0.70,0.36,0.34,0.34,M,0.28,0.34,0.41,0.39,0.37,0.37,0.21,0.36,0.24,M,1.55,0.42,,
18-May,0.43,0.33,0.41,M,0.43,0.59,0.31,0.39,M,0.42,0.42,0.35,0.41,0.31,0.40,0.47,0.31,0.33,0.32,0.35,0.32,0.34,0.35,0.31,0.40,0.39,M,0.41,0.38,0.29,0.49,0.32,0.37,0.33,0.35,0.21,M,0.20,0.46,,
19-May,0.42,0.39,0.45,0.48,0.45,0.36,0.39,0.41,M,0.59,0.41,0.42,0.34,0.34,0.40,0.40,0.33,0.39,0.39,0.26,0.39,0.41,0.35,0.33,0.53,0.39,0.95,0.30,0.28,0.31,0.35,0.28,0.37,0.32,0.26,0.39,M,0.25,0.44,,
20-May,0.38,0.38,0.37,0.41,0.39,0.40,0.45,0.44,M,0.25,0.35,0.37,0.30,0.33,0.42,0.39,0.23,0.39,0.43,0.30,0.35,0.32,0.29,0.36,0.36,0.36,0.51,0.47,0.35,0.27,0.29,0.46,0.40,0.27,0.42,0.30,M,0.33,0.43,,
21-May,0.37,0.37,0.51,0.38,0.39,0.35,0.33,0.47,1.45,0.27,0.10,0.37,0.35,0.37,0.38,0.36,0.30,0.47,0.32,0.44,0.43,0.34,0.34,0.39,0.50,0.34,0.54,0.33,0.35,0.30,0.36,0.30,0.38,0.37,0.50,0.37,2.51,0.23,0.32,,
22-May,0.39,0.37,0.42,0.36,0.37,0.34,M,0.45,0.38,0.37,M,0.37,0.38,0.36,0.43,0.42,0.41,0.43,0.35,0.43,0.28,0.32,0.38,0.39,0.41,0.29,0.32,0.00,0.57,0.40,0.35,0.36,0.35,0.34,0.26,0.37,0.37,0.32,M,,
23-May,0.38,0.38,0.45,0.28,0.42,0.44,0.84,0.50,0.40,0.40,M,0.37,0.40,0.39,0.38,0.36,0.30,0.32,0.41,0.47,0.30,0.34,M,0.42,0.30,0.43,0.15,0.23,0.39,0.27,0.52,0.43,0.40,0.25,0.32,0.40,0.34,0.19,M,,
24-May,0.41,0.40,0.45,0.34,0.31,0.32,0.42,0.52,0.56,0.33,M,0.39,0.30,0.30,0.35,0.42,0.31,M,0.38,0.47,0.28,0.32,0.73,0.34,0.35,0.31,0.11,0.34,0.24,0.43,0.33,0.42,M,0.27,0.33,0.38,M,0.25,M,,
25-May,0.41,0.44,0.53,0.41,0.41,0.32,0.40,0.45,0.39,0.52,1.28,0.39,0.18,0.30,0.30,0.45,0.35,M,0.52,0.54,0.29,0.35,0.29,0.26,0.39,0.37,0.17,0.31,0.25,0.30,0.45,0.34,0.57,0.28,0.41,0.38,0.79,0.38,1.58,4 DAY TOTAL,
26-May,0.40,0.43,0.44,0.49,0.49,0.42,0.44,0.42,M,0.45,0.19,0.43,0.30,0.41,0.27,0.38,0.35,0.34,0.40,0.54,0.40,0.37,0.31,0.30,0.46,0.29,0.33,0.37,0.29,0.48,0.41,0.31,0.36,0.30,0.28,0.45,M,0.41,0.38,,
27-May,0.38,0.41,0.53,0.47,0.39,0.30,0.45,0.49,M,M,0.37,0.51,0.25,0.30,0.30,0.45,0.39,0.35,0.45,0.46,0.30,0.42,0.33,0.37,0.49,0.29,0.28,0.35,0.36,0.27,M,0.30,0.31,0.34,0.33,0.30,0.78,0.26,0.45,,
28-May,0.43,0.45,0.49,0.37,0.42,0.32,0.42,0.48,1.06,0.79,0.28,0.41,0.29,0.36,0.48,0.36,0.39,0.32,0.42,0.40,0.33,0.42,0.31,0.32,0.44,0.45,0.28,0.33,0.38,0.61,0.53,0.35,0.34,0.34,0.36,0.29,M,0.26,0.45,,
29-May,0.38,0.60,0.52,0.44,0.42,0.36,0.54,0.48,0.25,0.43,0.33,0.41,0.36,0.39,0.40,0.41,0.35,0.60,0.56,0.41,0.34,0.45,0.44,0.34,0.38,0.44,0.38,0.40,0.36,0.54,0.28,0.44,0.25,0.35,0.38,0.43,0.67,0.33,0.45,,
30-May,0.42,0.54,0.55,0.31,M,0.42,0.30,0.53,0.29,0.43,0.36,0.39,0.41,0.34,0.41,0.43,0.35,0.43,0.49,0.46,0.35,0.42,0.30,0.40,0.33,0.36,0.30,0.42,0.33,0.35,0.36,0.32,0.39,0.35,0.37,0.33,0.36,M,0.58,,
31-May,0.40,0.46,0.47,0.42,M,0.42,0.45,0.42,0.40,0.36,0.39,0.44,0.57,0.44,0.28,0.52,0.38,0.30,0.44,0.52,0.41,0.37,0.40,0.38,0.30,0.37,0.33,0.30,0.34,0.27,0.38,0.38,0.45,0.38,0.33,0.37,0.41,0.62,0.49,,
1-Jun,0.45,0.49,0.49,0.40,0.38,0.50,0.25,0.45,0.43,0.35,0.33,0.45,0.38,0.34,0.38,0.41,0.37,0.41,0.40,0.45,0.36,0.32,0.29,0.40,0.37,0.37,0.35,0.41,0.39,0.27,0.41,0.33,0.44,0.41,0.37,0.37,M,0.41,0.42,,
2-Jun,0.42,0.45,0.51,0.44,0.33,0.43,0.39,0.45,0.33,0.26,0.40,0.44,0.41,0.44,0.40,0.49,0.40,0.34,0.47,0.48,0.35,0.48,0.48,0.30,0.45,0.37,0.50,0.35,0.40,0.41,0.48,0.40,0.34,0.37,0.39,0.36,M,0.44,0.54,,
3-Jun,0.45,0.42,0.50,0.40,0.40,0.44,0.37,0.51,0.40,0.37,0.42,0.34,0.39,0.38,0.38,0.45,0.45,M,0.45,0.58,0.52,0.43,0.38,0.34,0.44,0.47,0.42,0.39,0.29,0.30,0.35,0.45,0.33,0.41,0.36,0.44,M,0.33,0.52,,
4-Jun,0.36,0.38,0.47,0.40,0.46,0.58,0.51,0.47,0.49,0.34,0.43,0.40,0.39,0.35,0.45,0.43,0.43,M,0.48,0.49,0.38,0.30,0.40,0.38,0.56,0.41,0.40,0.39,0.40,0.30,0.37,0.36,0.35,0.30,0.36,0.45,1.52,M,0.38,,
5-Jun,0.44,0.36,0.38,0.40,0.44,0.58,0.45,0.54,0.48,0.45,0.33,0.44,0.47,0.42,0.42,0.36,0.36,M,0.49,0.42,0.36,0.38,0.37,0.34,0.48,0.38,0.47,0.48,0.37,0.49,0.30,0.34,0.42,0.11,0.44,0.39,0.38,0.74,0.44,,
6-Jun,0.44,0.33,0.39,0.40,0.42,0.34,0.58,0.49,0.50,0.33,0.48,0.20,0.50,0.47,0.44,0.33,0.39,0.33,0.51,0.36,0.37,0.34,0.32,0.42,0.55,0.29,0.36,0.42,0.42,0.43,0.51,0.39,0.33,0.33,0.41,0.42,0.36,0.44,0.38,,
7-Jun,0.41,0.42,0.47,0.45,0.43,0.44,0.45,0.43,0.48,0.39,0.24,0.25,0.45,0.45,0.42,0.32,0.30,0.37,0.53,0.55,0.45,0.32,0.44,0.38,0.32,0.34,0.37,0.27,0.42,0.31,0.45,0.32,0.48,0.33,0.36,0.45,M,M,0.43,,
8-Jun,0.37,0.45,0.41,0.52,0.50,0.47,0.41,0.51,0.40,0.45,0.30,0.31,0.43,0.39,0.45,0.30,0.34,0.41,0.45,0.44,0.41,0.44,0.48,0.36,0.45,0.37,0.37,M,0.39,0.47,0.30,0.51,0.39,0.21,0.36,0.35,M,M,0.56,,
9-Jun,0.38,0.42,0.43,0.55,0.42,0.49,0.43,0.51,0.40,0.39,0.32,0.37,M,0.38,0.39,0.42,0.42,0.42,0.41,0.35,0.44,0.38,0.44,0.38,0.45,0.36,0.38,M,0.39,0.38,0.36,0.47,0.32,0.32,0.42,0.45,M,M,0.42,,
10-Jun,0.39,0.41,0.54,0.46,0.47,0.45,0.43,0.53,0.37,0.35,0.45,0.42,0.65,0.36,0.40,M,0.37,0.39,0.48,0.42,0.40,0.38,0.41,0.48,0.48,0.48,0.39,1.02,0.41,0.34,0.37,0.45,0.44,0.24,0.52,0.39,M,M,0.39,,
11-Jun,0.45,0.43,0.54,0.48,M,0.33,0.51,0.48,0.38,0.27,0.45,0.35,0.49,0.45,0.44,0.90,0.53,0.42,0.43,0.43,0.42,0.34,0.36,0.27,0.34,0.28,0.44,0.32,0.51,0.42,0.42,0.47,M,0.36,0.44,0.46,M,M,0.40,,
12-Jun,0.45,0.49,0.46,0.48,0.45,0.43,0.48,0.50,0.41,0.28,0.44,0.42,0.50,0.45,0.39,0.38,0.57,0.38,0.43,0.45,0.39,0.35,0.32,0.37,0.60,0.36,0.35,0.39,0.39,0.34,M,0.45,0.82,0.40,0.33,0.38,2.49,M,0.56,,
13-Jun,0.44,0.42,0.49,0.48,0.45,0.47,0.41,0.43,0.48,0.30,0.44,0.45,0.44,0.45,0.40,0.53,0.35,0.54,0.49,0.47,0.43,0.33,0.35,0.47,0.41,0.36,0.39,0.30,M,0.43,0.70,0.40,0.41,0.44,0.42,0.40,0.34,M,0.43,,
14-Jun,0.43,0.43,0.56,0.49,0.46,0.45,0.34,0.42,0.50,0.45,0.39,0.37,0.51,0.45,0.40,0.38,0.35,0.49,0.50,0.52,0.38,0.31,0.47,0.39,0.59,0.45,0.39,0.30,0.51,0.34,0.40,0.47,0.59,0.50,0.32,0.20,M,3.01,0.50,,
15-Jun,0.37,0.43,0.46,0.47,0.41,0.64,0.44,0.45,0.60,0.35,0.41,0.40,0.50,0.50,0.48,0.40,0.45,0.43,0.49,0.45,0.42,0.33,0.42,0.33,0.43,0.46,0.41,0.30,0.34,0.43,0.30,0.39,0.30,0.34,0.38,0.40,0.73,0.30,0.45,,
16-Jun,0.41,0.39,0.53,0.55,0.52,M,0.56,0.43,0.30,0.32,0.40,0.46,0.44,0.34,0.42,0.36,0.42,0.51,0.45,0.41,0.42,0.37,0.38,0.30,0.49,0.49,0.36,M,0.46,0.42,0.38,0.39,0.40,0.50,0.39,0.42,0.16,M,0.42,,
17-Jun,0.40,0.44,0.50,M,0.53,0.91,M,0.50,0.60,0.45,0.40,0.42,0.30,0.29,0.51,0.42,0.42,0.46,0.47,0.42,0.40,0.31,0.42,0.47,0.43,0.47,0.48,0.54,0.38,0.44,0.41,0.35,0.44,0.83,0.31,0.37,0.30,0.78,0.48,,
18-Jun,0.43,0.46,0.45,0.49,0.51,0.45,0.40,0.49,M,0.45,0.44,0.39,0.27,0.35,0.45,0.45,0.45,0.45,0.52,0.56,0.45,0.38,0.48,0.41,0.41,0.31,0.71,0.21,0.34,0.41,0.50,0.39,0.39,0.36,0.42,0.38,M,0.44,0.48,,
19-Jun,0.44,0.48,0.49,0.50,0.48,0.42,0.43,0.43,M,0.45,M,0.39,0.42,0.33,0.42,0.39,0.45,0.47,0.34,0.41,0.41,0.42,0.34,0.38,0.54,0.42,0.45,0.18,0.42,0.44,0.53,0.30,0.45,0.57,0.46,0.43,M,0.40,0.45,,
20-Jun,0.35,0.51,0.49,0.47,0.47,0.41,0.45,0.34,1.26,0.45,0.74,0.41,0.42,0.44,0.43,0.45,0.48,M,0.28,0.48,0.43,0.37,0.46,0.42,0.49,0.50,0.48,0.33,0.35,0.46,0.34,0.36,0.33,0.30,0.45,0.34,M,0.37,0.37,,
21-Jun,0.40,0.50,0.45,0.49,0.41,0.45,0.48,0.50,0.45,0.41,0.28,0.52,0.25,0.45,0.51,0.53,0.46,1.10,0.30,0.46,0.44,0.33,0.47,0.39,0.35,0.48,0.48,0.35,0.44,0.35,0.37,0.40,0.51,0.48,0.49,0.37,M,M,0.45,,
22-Jun,0.33,0.35,0.45,0.49,0.51,0.46,0.52,0.53,0.45,0.45,0.30,0.44,0.42,0.41,0.43,0.42,0.45,0.49,0.24,M,0.49,0.30,0.36,0.41,0.52,0.42,0.45,0.30,0.39,0.39,0.43,0.30,0.45,0.43,0.46,0.39,M,M,0.50,,
23-Jun,0.43,0.31,0.47,0.39,0.45,0.41,0.57,0.50,0.32,0.45,0.39,0.43,0.25,0.40,0.45,0.58,0.45,0.42,0.33,1.03,0.40,0.42,0.36,0.49,0.39,0.45,0.54,0.34,0.30,0.44,0.34,0.52,0.36,0.47,0.44,0.45,2.45,M,0.52,,
24-Jun,0.40,0.45,0.44,0.39,0.59,0.36,0.39,0.51,0.57,0.45,0.39,0.42,0.41,0.45,0.42,M,0.45,0.52,0.39,0.46,0.41,0.35,0.38,0.34,0.30,0.41,0.32,0.29,0.38,0.47,0.39,0.34,0.32,0.43,0.35,0.25,0.36,M,0.45,,
25-Jun,0.38,0.48,0.40,0.41,0.45,0.26,0.45,m,0.50,0.45,0.60,0.50,0.53,0.37,0.49,0.97,0.44,0.46,0.41,0.43,0.40,0.30,M,0.42,0.49,0.34,0.41,0.30,0.51,0.39,0.44,0.41,0.36,0.42,0.57,0.41,0.39,M,0.42,,
26-Jun,0.39,0.45,0.42,0.48,0.47,0.39,0.55,1.00,0.45,0.45,0.45,0.50,0.51,0.45,0.45,0.45,0.50,0.51,0.35,0.28,0.44,0.38,0.79,0.37,0.41,0.41,0.38,0.34,0.44,0.41,0.50,0.32,0.45,0.47,0.30,0.23,M,M,M,,
27-Jun,0.41,0.47,0.43,0.48,0.43,0.44,0.38,0.39,0.56,0.45,0.38,0.51,0.37,0.46,0.39,0.47,0.48,0.39,0.49,0.41,0.33,0.30,0.39,0.49,0.41,0.42,0.39,0.35,M,0.44,0.36,0.42,0.51,0.35,0.14,0.44,0.81,M,0.87,2 DAY TOTAL,
28-Jun,0.49,0.31,0.49,0.44,0.40,0.50,0.45,0.41,0.37,0.45,0.36,0.40,0.33,0.49,0.42,0.42,0.45,0.58,0.45,0.43,0.30,0.34,0.55,0.43,0.42,0.50,0.35,0.34,0.75,0.36,0.44,0.38,0.32,0.33,0.36,0.26,0.39,3.36,0.57,,
29-Jun,0.46,0.42,0.42,0.53,0.38,0.43,0.41,0.41,0.56,0.37,0.45,0.44,0.45,0.40,0.41,0.52,0.48,0.49,0.17,0.53,0.40,0.35,0.47,0.24,0.40,0.47,0.38,0.42,0.30,0.49,0.49,0.51,0.37,0.40,0.43,0.24,M,0.48,0.53,,
30-Jun,0.53,0.45,0.26,0.40,0.35,0.44,0.45,0.54,0.53,0.50,0.45,0.45,0.48,0.45,0.56,0.46,M,0.47,0.37,0.57,0.42,0.37,0.43,0.35,0.50,0.43,0.47,0.43,0.43,0.48,0.41,0.41,0.40,0.42,0.28,0.20,M,0.49,0.41,,
1-Jul,0.45,0.43,0.36,0.53,0.40,0.41,0.41,0.48,0.33,0.46,0.45,0.51,0.30,0.45,0.60,M,0.46,0.50,0.28,0.47,0.37,0.40,0.42,0.38,0.33,0.46,0.53,0.35,0.40,0.34,0.38,0.45,0.40,0.44,0.31,M,M,0.48,0.43,,
2-Jul,0.40,0.50,0.43,0.46,0.38,0.43,0.49,0.49,0.53,0.45,0.45,0.41,0.40,0.48,0.49,0.45,M,M,0.38,0.45,0.30,0.39,0.42,0.49,0.51,0.43,0.49,0.26,0.52,0.39,0.41,0.41,0.55,0.47,M,0.72,1.61,0.42,0.47,,
3-Jul,0.45,0.42,0.38,0.61,0.29,0.41,0.45,0.50,0.45,0.48,0.30,0.45,0.45,0.45,0.51,0.48,0.79,0.80,0.46,0.60,0.27,0.40,0.36,0.39,0.45,0.47,0.48,0.40,0.45,0.40,0.49,0.42,0.40,0.29,0.87,0.31,M,0.45,0.43,,
4-Jul,0.50,0.39,0.51,0.50,M,0.45,0.53,M,0.42,0.50,0.42,0.45,0.54,0.45,0.44,0.45,0.42,0.49,0.53,0.49,0.30,0.35,0.38,0.43,0.51,0.63,0.45,0.40,0.45,0.45,0.20,0.49,0.49,M,M,0.46,M ,0.43,0.41,,
5-Jul,0.47,0.48,0.45,0.52,M,M,0.57,1.03,0.27,0.48,0.42,0.50,M,0.40,0.51,0.45,0.18,0.38,0.47,0.53,0.36,0.42,0.40,0.37,0.23,0.24,0.47,0.40,0.38,0.42,0.20,0.16,0.35,0.78,0.60,0.15,M,0.33,0.52,,
6-Jul,0.32,0.61,0.42,0.45,0.40,0.92,0.41,0.45,M,M,0.43,0.45,1.03,0.40,0.36,0.45,0.45,0.58,0.40,0.28,0.44,0.34,0.40,0.42,0.25,0.52,0.44,0.45,0.46,0.42,0.48,0.52,0.36,0.29,0.50,0.32,M,0.40,0.54,,
7-Jul,0.16,0.46,0.47,0.54,0.32,0.40,0.44,0.31,0.60,0.75,M,0.44,0.33,0.45,0.54,0.45,0.35,0.36,0.48,0.31,0.36,0.38,0.41,0.41,0.38,0.57,0.43,0.34,0.35,0.45,0.41,0.33,0.48,0.36,0.41,0.49,M,0.46,0.44,,
8-Jul,0.35,0.39,0.54,0.50,0.40,0.45,0.45,0.53,0.25,0.39,0.30,0.45,0.45,0.49,0.45,0.52,0.29,0.36,0.44,0.22,0.32,0.42,0.38,0.44,0.34,0.48,0.40,0.45,0.43,0.43,0.38,0.46,0.48,0.44,0.44,0.23,2.43,M,0.52,,
9-Jul,0.39,M,0.43,0.53,0.46,0.49,0.70,0.46,0.36,0.47,0.45,0.46,0.45,0.48,0.26,0.45,0.47,0.39,0.48,0.32,0.38,0.43,0.35,0.44,0.38,0.40,0.39,0.49,0.45,0.42,0.41,0.50,0.10,0.42,0.50,0.40,0.44,M,0.49,,
10-Jul,0.42,M,0.45,0.49,0.45,0.46,0.53,0.54,0.38,0.48,0.45,0.45,0.45,0.45,0.33,0.54,0.46,0.45,0.43,0.15,0.43,0.34,0.30,0.39,0.43,0.40,0.44,0.45,0.36,0.36,0.37,0.37,0.39,0.39,0.45,0.43,0.15,M,0.57,,
11-Jul,0.43,0.47,0.50,0.51,0.42,0.45,0.43,0.21,0.34,0.45,0.37,0.41,0.59,0.45,0.45,0.51,M,0.31,0.37,0.50,0.42,0.42,0.40,0.38,0.49,0.43,0.37,0.39,M,0.35,0.39,0.49,0.44,0.44,0.47,0.30,0.25,M,0.59,,
12-Jul,0.43,0.57,0.39,0.56,0.51,0.42,0.42,0.35,0.45,0.45,0.34,0.40,0.36,0.42,0.40,0.49,0.88,0.38,0.41,0.39,0.36,0.34,0.43,0.42,0.52,0.53,0.33,0.45,0.86,0.37,0.34,M,0.48,0.40,0.37,0.28,0.32,M,0.52,,
13-Jul,0.46,0.45,0.37,0.44,0.49,0.38,0.41,0.45,0.45,0.45,0.30,0.40,0.47,0.34,0.35,0.40,0.54,0.44,0.40,0.35,0.44,0.42,0.44,0.37,0.54,0.56,0.35,0.40,0.43,0.51,0.25,M,0.34,0.25,0.37,0.37,0.39,2.55,0.51,,
14-Jul,0.48,0.53,0.34,0.54,0.42,0.47,0.43,0.49,0.35,0.54,0.45,0.40,0.52,0.34,0.35,0.48,M,0.33,0.41,M,0.45,0.45,0.31,0.00,0.55,0.52,0.19,0.45,0.42,0.40,0.18,0.47,0.18,0.39,0.44,0.35,0.31,0.44,0.45,,
15-Jul,0.49,0.48,0.44,0.49,0.37,0.52,0.50,0.38,0.32,0.45,0.30,0.38,0.34,0.38,0.30,0.53,M,0.21,0.49,0.85,0.32,0.34,0.39,0.41,0.34,0.46,0.30,0.47,0.41,0.39,0.18,0.44,0.29,0.40,0.40,0.32,0.24,0.43,0.54,,
16-Jul,0.50,0.53,0.45,0.44,0.40,0.37,0.49,0.34,0.10,0.38,0.45,0.36,0.36,0.25,M,0.35,0.50,0.33,0.46,0.33,0.37,0.44,0.41,0.37,0.48,0.45,0.39,0.43,0.42,0.28,0.41,0.18,0.37,0.38,M,0.25,M,0.49,0.48,,
17-Jul,0.35,0.41,0.40,0.43,0.36,0.48,0.49,0.42,0.35,0.39,0.45,0.45,0.33,0.30,M,0.45,M,0.37,0.48,0.43,0.30,0.22,0.33,0.45,0.30,0.41,0.42,0.49,0.36,0.43,0.34,0.38,0.30,0.37,0.77,0.38,0.63,0.43,0.43,,
18-Jul,0.36,0.48,0.34,0.29,0.35,0.47,0.38,0.45,0.44,0.45,0.45,0.41,0.29,0.41,1.05,0.48,0.86,0.39,0.50,0.32,0.35,0.34,0.39,0.48,0.54,0.47,0.57,0.32,0.45,0.40,0.48,0.33,0.36,0.38,0.32,0.31,0.31,0.51,0.48,,
19-Jul,0.46,0.45,0.37,0.24,0.42,0.37,0.36,0.57,0.52,0.39,0.42,0.35,0.20,0.38,0.49,0.40,M,0.33,0.47,0.44,0.36,0.31,0.45,0.40,0.48,0.49,0.37,0.39,0.47,M,0.43,0.56,0.56,0.16,0.32,0.30,M,M,0.51,,
20-Jul,0.47,0.47,0.34,0.35,0.54,0.48,0.46,0.55,0.41,0.36,0.45,0.40,0.30,0.36,0.39,0.35,0.53,0.40,0.48,0.52,0.35,0.37,0.43,0.42,0.47,0.35,0.28,0.44,0.53,0.95,0.26,0.17,0.28,0.34,0.41,0.34,M,M,0.46,,
21-Jul,0.36,0.30,0.25,0.42,0.21,0.55,0.30,0.45,0.45,0.39,0.30,0.42,0.43,0.45,0.54,0.34,0.30,0.47,0.39,0.51,0.41,0.43,0.45,0.38,0.53,0.50,0.34,0.34,0.32,0.41,0.35,0.00,0.30,0.30,0.34,0.29,M,M,0.30,,
22-Jul,0.44,0.19,0.23,0.44,0.23,M,0.45,0.32,0.41,0.42,0.45,0.40,0.65,0.45,0.50,0.35,M,0.46,0.41,0.52,0.30,0.32,0.39,0.47,0.39,0.36,0.31,0.39,0.31,0.43,0.41,0.49,0.35,0.42,0.44,0.33,M,M,0.51,,
23-Jul,0.40,0.33,0.30,0.43,0.39,0.30,0.47,0.38,0.48,0.44,0.45,0.39,0.63,0.45,0.45,M,0.49,0.36,0.49,0.30,0.37,0.37,0.29,0.33,0.38,0.33,0.44,0.39,0.27,0.52,0.40,0.15,0.36,0.32,0.47,0.28,2.10,1.98,0.43,,
24-Jul,0.46,0.47,0.35,0.45,0.36,0.49,M,0.53,0.36,0.43,M,0.47,0.45,0.41,0.41,0.43,0.38,0.38,0.51,0.58,0.29,0.33,0.30,0.30,0.43,0.27,M,0.28,0.34,0.43,0.34,0.48,0.39,0.39,0.49,0.27,0.41,0.28,M,,
25-Jul,0.39,0.39,0.47,0.47,0.38,0.45,1.04,0.42,0.39,0.38,0.37,0.45,0.47,0.39,0.50,0.45,0.46,0.45,0.53,0.30,0.32,0.35,0.36,0.39,0.39,0.29,M,0.28,0.34,0.25,0.30,0.15,0.44,M,0.36,0.32,0.36,0.41,M,,
26-Jul,0.41,0.44,0.39,0.42,0.43,0.36,0.45,0.50,0.39,0.45,0.35,0.41,0.38,0.50,0.26,0.50,0.34,0.30,0.45,0.34,0.53,0.30,0.39,0.45,0.41,0.24,M,0.29,0.30,0.38,0.43,0.59,0.45,0.78,0.44,0.24,0.48,0.47,M,,
27-Jul,0.30,0.47,0.38,0.54,0.44,0.37,0.53,0.54,0.42,0.45,0.30,0.41,0.34,0.45,0.33,0.42,0.40,0.39,0.49,0.47,0.33,0.36,0.40,0.39,0.36,0.23,M,0.51,0.40,0.49,0.40,M,0.40,0.32,0.43,0.41,M,0.51,1.56,4 DAY TOTAL,
28-Jul,0.41,0.41,0.33,0.45,0.36,0.29,0.42,0.28,0.43,0.50,0.45,0.42,0.43,0.47,0.45,0.48,M,0.40,0.60,0.34,0.35,0.35,0.45,0.45,0.30,0.37,0.28,0.44,0.34,0.44,0.37,0.64,0.25,0.39,0.47,0.45,M,0.48,0.45,,
29-Jul,0.34,0.39,0.35,0.40,0.38,0.30,0.40,0.36,0.50,0.54,0.30,0.28,0.37,0.50,0.43,0.41,M,0.22,0.45,0.36,0.21,0.30,0.38,0.40,0.22,0.30,0.37,0.42,0.32,0.28,0.31,0.35,0.37,0.28,0.48,0.35,M,0.43,0.51,,
30-Jul,0.39,0.37,0.39,0.44,0.45,0.43,M,0.47,0.50,0.23,0.42,0.39,0.47,0.45,0.54,0.40,M,0.30,0.48,0.37,0.17,0.26,0.38,0.36,0.26,0.35,0.41,0.39,0.19,0.28,0.26,0.38,0.37,0.34,0.33,0.15,1.59,0.41,0.56,,
31-Jul,0.48,0.44,0.39,0.47,0.46,0.41,0.53,0.52,0.52,0.40,0.15,0.45,0.45,M,0.45,0.40,M,0.46,0.31,0.33,M,0.32,0.33,0.39,0.32,0.24,0.41,0.42,0.30,0.41,0.40,0.43,0.40,0.33,0.41,0.38,0.23,0.30,0.47,,
1-Aug,0.30,M,0.45,0.44,0.41,0.49,0.34,0.44,0.45,0.40,0.69,0.50,0.53,0.90,0.39,0.47,M,0.34,0.39,0.40,0.32,0.17,0.39,0.18,0.44,0.30,0.42,0.39,0.25,0.36,0.33,0.26,0.39,0.42,M,0.31,0.25,0.28,0.52, ,
2-Aug,0.37,0.42,0.37,0.44,0.42,0.41,0.32,0.45,0.38,0.42,0.37,0.55,0.44,0.45,0.34,0.39,M,0.42,0.30,0.38,0.30,0.35,0.43,0.38,0.39,0.26,M,0.42,0.22,0.42,0.33,0.42,0.33,0.37,0.55,0.21,M,0.42,0.46,,
3-Aug,0.44,0.45,0.41,0.37,0.41,0.34,0.39,0.40,0.42,M,0.45,0.43,0.43,0.45,0.41,0.21,M,0.39,0.31,0.45,0.46,0.33,0.24,0.14,0.36,0.34,M,0.26,0.33,0.43,0.33,0.38,0.29,0.45,0.24,0.24,0.80,0.39,0.38,,
4-Aug,0.41,0.41,0.45,0.43,0.41,0.39,0.36,0.38,M,1.02,0.45,0.44,0.44,0.39,0.45,M,M,0.47,0.29,0.44,0.18,0.31,0.36,0.41,0.15,0.23,0.36,0.45,0.33,0.34,0.35,M,0.19,0.46,0.28,0.19,0.39,0.40,0.44,,
5-Aug,0.40,0.36,0.49,0.45,0.48,0.38,0.18,0.38,1.00,0.33,0.35,0.49,0.52,0.45,0.43,M,M,0.40,0.39,0.32,0.27,0.29,0.30,0.32,0.54,0.27,M,0.43,0.38,0.41,0.32,0.46,0.30,0.48,0.20,0.45,M,0.41,M,,
6-Aug,0.42,0.41,0.46,0.41,0.43,0.39,0.42,0.41,0.40,0.49,0.31,0.45,0.53,0.50,0.41,M,M,0.34,0.32,0.40,0.23,0.24,0.23,0.36,0.33,0.18,0.60,0.47,0.34,0.34,0.39,0.18,0.42,0.36,0.35,0.36,0.84,0.30,0.93,2 day total,
7-Aug,0.37,0.44,0.43,0.46,0.41,0.37,0.43,0.42,0.36,0.30,0.61,0.38,0.49,0.39,0.34,M,M,0.36,0.40,0.36,0.35,0.36,0.27,0.26,0.36,0.34,0.35,0.44,0.41,0.40,M,0.30,0.36,0.27,0.36,0.42,0.43,0.36,0.38,,
8-Aug,0.45,M,0.46,0.45,0.42,0.37,0.42,0.51,0.35,0.38,0.24,0.30,0.32,0.47,0.45,M,M,0.39,0.31,0.34,0.36,0.28,0.32,0.12,0.37,0.23,0.31,0.34,0.26,0.44,0.86,0.30,0.42,0.32,0.35,0.21,0.36,0.37,0.41,,
9-Aug,0.50,M,0.35,0.45,0.42,M,0.45,0.41,0.44,0.31,0.32,0.34,0.36,0.45,0.45,0.36,M,0.43,0.37,0.18,0.36,0.33,0.36,0.17,0.41,0.35,0.35,0.31,0.34,0.30,0.35,0.39,0.32,0.35,0.29,0.35,0.25,0.33,0.51,,
10-Aug,0.47,0.21,0.33,0.41,0.39,0.37,0.41,0.30,0.41,0.36,0.45,0.40,0.46,0.44,0.50,0.42,M,0.44,0.46,0.17,0.30,0.30,0.45,0.16,0.31,0.37,0.38,0.32,0.34,0.30,0.43,0.34,0.41,0.29,0.34,0.27,0.17,0.36,0.49,,
11-Aug,0.40,0.38,0.32,0.46,0.39,M,0.45,0.32,0.37,0.24,0.45,0.37,0.41,0.35,0.40,0.28,M,0.37,0.42,M,0.30,0.39,0.43,0.22,0.42,0.30,0.38,0.33,0.30,0.41,0.35,0.32,0.37,0.24,0.26,0.30,0.39,0.30,0.41,,
12-Aug,0.23,0.38,0.39,0.44,0.35,0.27,0.53,0.41,0.38,0.32,0.45,0.41,0.48,0.37,0.42,0.44,M,0.39,0.40,0.78,0.38,0.40,0.32,0.28,0.64,0.41,0.29,0.31,0.41,0.29,0.38,0.39,0.23,0.26,0.34,0.38,M,0.30,0.46,,
13-Aug,0.21,0.39,0.44,0.42,0.41,0.44,0.41,0.48,0.33,M,0.30,0.42,0.46,0.38,0.39,M,M,0.39,0.38,0.37,0.35,0.43,0.39,0.36,0.58,0.39,0.28,0.18,0.41,0.33,0.38,0.33,0.31,0.30,0.39,0.37,0.68,0.42,0.40,,
14-Aug,0.35,0.42,0.30,0.42,0.42,0.45,0.41,0.48,0.09,0.80,0.45,0.40,0.26,0.37,M,M,M,0.37,0.41,0.32,0.33,0.36,0.08,0.16,0.30,0.45,0.35,0.21,0.39,0.33,M,0.44,0.33,0.35,0.34,0.37,0.39,0.44,0.45,,
15-Aug,0.34,0.38,0.33,0.42,0.42,0.40,0.28,0.50,0.09,0.48,0.24,0.45,0.33,0.34,M,M,M,0.30,0.46,0.32,0.33,0.30,0.34,0.20,0.23,0.33,0.22,0.31,0.36,0.34,0.67,0.39,0.32,0.48,0.30,0.40,0.28,0.46,0.54,,
16-Sep,0.34,0.38,0.28,0.45,0.42,0.41,0.54,0.34,0.22,0.30,0.45,0.42,0.35,0.33,1.35,M,M,0.33,0.58,0.35,0.27,M,0.28,0.30,0.33,0.41,0.35,0.41,0.36,0.41,0.17,0.32,0.39,0.47,0.34,0.29,M,0.36,0.52,,
17-Aug,0.40,0.18,0.37,0.37,0.38,0.42,0.33,0.45,0.25,0.38,0.45,0.39,0.41,0.36,0.37,M,M,0.38,M,0.29,0.37,M,0.31,0.33,0.37,0.29,0.28,0.34,0.34,0.32,0.23,0.36,0.39,0.30,0.46,0.30,M,0.37,0.42,,
18-Aug,0.39,0.16,0.36,0.39,0.30,0.37,0.42,0.45,0.34,0.34,0.15,0.40,0.31,0.33,0.30,0.25,M,0.42,M,M,0.33,1.03,0.28,0.29,0.34,0.37,0.35,0.35,0.26,0.42,0.31,0.36,0.43,0.43,0.30,0.29,0.99,0.32,0.49,,
19-Aug,0.47,0.28,0.28,0.43,0.36,0.42,0.45,M,0.40,0.38,0.45,0.48,0.33,0.32,.M,0.36,M,0.37,0.44,0.74,0.31,0.18,0.34,0.30,0.38,0.38,0.34,0.36,0.36,0.32,0.35,0.30,0.06,0.43,0.35,0.34,0.30,0.32,0.51,,
20-Aug,0.46,0.33,0.31,0.36,0.40,0.40,0.40,M,0.43,0.42,0.45,0.31,0.49,0.25,0.35,0.38,M,0.30,0.40,0.34,0.31,0.26,0.25,0.40,0.37,0.43,0.35,0.34,0.36,0.33,0.35,0.50,0.23,0.30,0.43,0.20,0.33,0.40,0.45,,
21-Aug,0.40,0.41,0.34,0.30,0.46,M,0.07,1.23,M,0.33,0.30,0.45,0.40,0.45,0.36,0.41,M,0.42,0.39,0.39,0.36,0.34,0.37,0.34,0.32,0.41,0.36,0.38,M,0.35,0.33,0.16,0.23,0.39,0.33,0.33,0.34,0.41,0.38,,
22-Aug,0.36,0.34,0.35,0.33,0.41,0.79,0.38,0.38,0.75,0.37,0.37,0.45,0.35,0.37,0.38,0.45,M,0.41,0.32,0.38,0.35,0.21,0.34,0.31,0.33,0.33,0.36,0.31,0.66,0.36,0.14,0.27,0.09,0.37,0.34,0.28,0.37,0.34,0.33,,
23-Aug,0.44,0.35,0.31,0.37,0.49,0.28,0.29,0.37,0.31,0.47,0.16,0.45,0.35,0.32,0.48,0.31,M,0.30,0.31,0.39,0.35,M,0.33,0.37,0.30,0.35,0.43,0.29,0.34,0.36,0.18,0.38,0.33,0.34,0.30,0.34,0.25,M,0.38,,
24-Aug,0.29,0.36,0.38,0.40,0.30,0.33,0.35,0.39,0.38,M,0.12,0.34,0.38,0.30,0.51,M,M,0.30,0.23,0.34,0.34,0.63,0.28,0.29,0.19,0.34,0.32,0.43,0.34,0.35,0.25,0.31,0.31,0.34,0.36,0.27,0.20,0.78,0.34,,
25-Aug,0.34,0.39,0.36,0.44,0.36,0.34,0.42,0.41,0.41,M,0.28,0.25,0.38,0.26,0.45,M,M,0.15,0.37,0.34,0.30,0.33,0.30,0.30,0.24,0.36,0.41,0.38,0.42,0.44,0.35,0.20,0.28,0.30,0.28,0.37,0.37,0.40,0.40,,
26-Aug,0.30,0.39,0.40,0.39,0.30,0.35,0.41,0.37,0.36,1.28,0.33,0.19,0.38,0.43,0.40,M,M,0.44,0.37,0.39,0.38,0.28,0.30,0.33,0.33,0.25,0.17,0.28,0.26,0.40,M,0.18,0.33,0.24,0.32,0.20,0.25,0.36,0.41,,
27-Aug,0.34,0.42,0.39,0.37,0.42,0.39,0.24,0.37,0.38,0.16,0.36,0.15,0.40,0.37,0.40,M,M,0.30,0.32,0.37,0.40,0.21,0.37,0.38,0.33,0.31,0.20,0.34,0.21,0.42,0.61,0.40,0.28,0.24,0.34,0.20,0.41,0.39,0.36,,
28-Aug,0.33,0.31,0.39,0.36,0.24,0.36,0.30,0.40,0.39,0.26,0.40,0.22,0.28,0.32,0.37,M,M,0.45,0.22,0.29,0.32,0.27,0.39,0.32,0.28,0.34,0.33,0.32,0.22,0.45,0.38,0.41,0.29,0.27,0.30,0.42,0.25,0.45,0.43,,
29-Aug,0.37,0.34,0.41,0.33,0.53,0.43,0.36,0.35,0.33,0.39,0.30,0.35,0.40,M,0.39,M,M,0.24,0.25,0.36,0.38,0.23,0.34,0.38,0.24,0.38,0.21,0.39,0.28,0.38,0.18,0.38,0.35,0.29,0.26,0.32,0.33,0.42,0.41,,
30-Aug,0.37,0.35,0.45,0.45,0.35,0.39,0.31,0.40,0.45,0.44,0.28,0.21,0.48,0.77,0.36,M,M,0.29,0.30,0.39,0.34,0.31,0.32,0.28,0.31,M,0.33,0.36,0.36,0.32,0.32,0.28,0.41,0.38,0.33,0.35,0.36,0.29,0.37,,
31-Aug,0.38,0.36,0.39,0.49,0.32,0.41,0.37,0.34,0.30,0.21,0.39,0.27,0.33,0.30,0.37,M,M,0.26,0.29,0.31,0.28,0.30,0.30,0.29,0.31,0.87,0.26,0.37,0.28,0.36,0.31,0.31,0.37,0.25,0.28,0.33,0.28,0.41,0.31,,
1-Sep,0.42,0.37,0.46,0.27,0.35,0.52,0.39,0.35,0.17,M,0.26,0.37,0.35,0.35,0.38,M,M,0.20,0.31,0.52,0.41,0.31,0.34,0.18,0.37,0.30,0.26,0.39,0.33,0.37,M,0.30,0.30,0.34,0.32,0.30,0.39,M,0.38,,
2-Sep,0.41,0.38,0.38,0.38,0.36,0.53,0.27,0.30,0.24,0.32,0.29,0.28,0.27,0.32,0.32,M,0.31,M,0.22,0.16,0.24,0.23,0.34,0.22,0.34,0.42,0.28,0.37,0.29,0.43,0.61,0.20,0.30,0.33,0.31,0.27,0.30,0.68,0.39,,
3-Sep,0.43,0.40,0.32,0.45,0.37,0.24,0.50,0.20,0.40,0.28,0.30,0.29,0.52,0.31,0.38,M,0.43,0.68,0.35,0.26,M,0.42,0.10,0.37,0.11,0.39,0.27,0.43,0.30,0.37,0.31,0.35,0.30,0.21,0.36,0.30,0.35,0.38,0.30,,
4-Sep,M,0.47,0.40,0.45,0.37,0.31,0.55,0.30,0.29,0.32,0.32,0.24,0.30,0.45,0.30,M,0.18,0.37,0.35,0.28,M,0.31,0.46,0.27,0.47,0.25,0.29,0.21,0.38,0.33,0.34,0.51,0.30,0.26,0.37,0.33,0.30,0.54,0.34,,
5-Sep,M,0.33,0.62,0.34,0.41,0.34,0.55,0.36,0.43,0.37,0.27,0.24,0.33,0.37,0.27,M,0.38,0.36,0.33,0.29,0.70,0.29,0.27,0.20,0.33,0.29,0.30,0.11,0.30,0.37,0.27,0.46,0.34,0.30,0.37,0.33,0.21,0.20,0.49,,
6-Sep,M,0.36,0.45,0.30,0.44,0.32,0.37,0.41,0.30,0.25,0.32,0.44,0.33,0.30,0.28,M,0.22,M,0.35,0.50,0.38,0.32,0.30,0.45,0.29,0.38,0.30,0.30,0.35,0.36,0.30,0.43,0.32,0.15,0.35,0.35,0.34,0.45,0.42,,
7-Sep,M,0.35,0.35,0.30,0.50,0.37,0.35,0.40,0.26,0.29,0.30,0.33,0.30,0.33,0.20,M,M,0.65,0.37,0.24,0.30,0.32,0.43,0.26,0.25,0.35,0.32,0.30,0.36,0.34,0.19,0.06,0.31,0.30,0.05,0.25,0.30,0.22,0.30,,
8-Sep,0.23,0.35,0.34,0.34,0.36,0.40,0.30,0.42,0.37,0.35,0.35,0.35,0.35,0.20,0.28,M,0.29,0.32,0.37,0.40,0.13,0.26,0.40,0.45,0.29,0.31,0.34,0.28,0.32,0.38,0.25,0.00,0.27,0.30,0.23,0.29,0.35,0.41,0.43,,
9-Sep,0.28,0.32,0.44,0.30,0.30,0.34,0.35,0.35,0.35,0.38,0.33,0.42,0.39,0.36,0.37,M,0.35,0.21,0.34,0.28,0.17,0.28,0.30,0.26,0.16,0.17,0.26,0.35,0.30,0.31,0.27,0.00,M,0.06,0.25,0.28,0.27,0.27,0.48,,
10-Sep,0.29,0.35,0.21,0.20,0.37,0.34,0.32,0.33,0.36,0.32,0.30,0.34,0.31,0.35,0.24,M,0.22,0.29,0.39,0.34,0.14,0.26,0.37,0.24,0.23,0.20,0.26,0.26,0.30,0.19,0.21,0.08,0.28,0.02,0.16,0.28,0.30,0.36,0.36,,
11-Sep,0.18,0.44,0.22,0.34,0.27,0.36,0.30,0.41,0.30,0.30,0.31,0.43,0.33,0.34,0.24,M,0.25,0.32,0.32,0.41,0.15,0.27,0.30,0.43,0.25,0.44,0.29,0.26,0.26,0.31,0.09,0.08,0.15,0.24,0.30,0.30,0.45,0.34,0.35,,
12-Sep,0.20,0.37,0.32,0.28,0.31,0.36,0.37,0.34,0.37,0.34,0.30,0.42,0.40,0.35,0.34,M,0.28,0.34,0.31,0.36,0.43,0.32,0.33,0.19,0.34,0.34,0.30,0.37,0.20,0.15,0.16,0.39,0.36,0.34,0.30,0.32,0.20,0.30,0.36,,
13-Sep,0.29,0.39,0.30,0.30,0.29,M,0.32,0.37,0.35,0.33,0.20,0.28,0.39,0.35,0.27,M,0.33,0.29,0.30,0.30,0.33,0.32,0.40,0.27,0.20,0.37,0.21,0.33,0.23,0.24,0.26,0.30,0.30,0.46,0.31,0.34,0.60,0.30,0.19,,
14-Sep,0.32,0.35,0.33,0.33,0.32,M,0.35,0.38,0.30,0.34,0.27,0.39,0.22,0.36,0.28,M,0.33,0.37,0.38,0.26,0.37,0.30,0.31,0.27,0.20,0.27,0.22,0.38,0.30,0.25,0.31,0.23,0.26,0.24,0.29,0.38,0.30,0.30,0.43,,
15-Sep,0.31,0.34,0.57,0.30,0.32,1.09,0.29,0.32,0.24,0.30,0.26,0.30,0.28,0.43,0.33,M,0.37,0.32,0.49,0.35,0.15,0.29,0.37,M,0.43,0.26,0.28,0.34,0.23,0.27,0.28,0.30,0.27,0.27,0.29,0.44,0.30,0.30,0.36,,
16-Sep,0.32,0.36,0.42,0.34,0.30,0.29,0.36,0.44,0.19,0.30,0.25,0.39,0.35,0.30,0.31,0.30,0.39,0.31,0.30,0.37,0.30,M,0.30,0.58,0.25,0.33,0.26,0.30,0.25,0.27,0.29,0.21,0.12,0.25,0.28,0.25,0.31,0.29,0.33,,
17-Sep,0.18,0.33,0.43,0.34,0.30,0.30,0.25,0.41,0.26,0.32,0.29,0.36,0.24,0.26,0.23,0.32,0.39,0.34,0.35,0.31,0.46,0.38,0.29,0.26,0.26,0.29,0.25,0.30,0.30,0.31,0.36,0.23,0.00,0.36,0.25,0.29,0.30,0.23,0.32,,
18-Sep,0.15,0.31,0.30,0.19,0.30,0.30,0.39,0.36,0.36,0.30,0.26,0.28,0.36,0.25,0.23,0.31,0.28,0.40,0.37,0.31,0.44,0.27,0.30,0.30,0.30,0.32,0.19,0.25,0.31,0.26,0.30,0.41,0.32,0.24,0.20,0.25,0.30,0.38,0.29,,
19-Sep,0.31,0.26,0.37,0.18,0.34,M,0.31,0.35,0.30,0.33,0.25,0.30,0.20,0.28,0.31,0.35,0.35,0.35,0.32,0.35,M,0.33,0.38,0.26,0.22,0.38,0.24,0.26,0.35,0.19,0.27,0.32,0.31,0.43,0.30,0.30,0.20,0.31,0.40,,
20-Sep,0.30,0.15,0.33,0.25,0.32,M,0.51,0.33,0.25,0.45,0.21,0.28,0.29,0.31,0.30,0.36,0.37,0.21,0.37,0.20,0.79,0.37,0.20,0.34,0.37,0.35,0.38,0.37,0.22,0.31,0.29,0.34,0.19,0.24,0.28,0.26,0.25,0.45,0.39,,
21-Sep,0.39,0.28,0.34,0.24,0.17,0.91,0.30,0.28,0.26,0.25,0.24,0.30,0.09,0.26,0.25,0.38,M,0.22,0.31,0.24,0.29,0.28,0.27,M,0.27,0.27,0.28,0.30,0.26,0.25,0.29,0.30,0.24,0.15,0.15,0.33,0.28,0.22,0.39,,
22-Sep,0.38,0.31,0.37,0.31,0.14,0.29,0.32,0.37,0.15,0.26,0.30,0.30,0.23,0.35,0.32,0.35,M,0.25,0.27,0.30,0.30,0.25,0.23,0.48,0.29,0.27,0.30,0.35,0.33,0.28,0.28, ,0.22,0.16,0.25,0.26,0.30,0.30,0.33,,
23-Sep,0.28,0.29,0.31,0.26,0.14,0.18,0.26,0.40,0.43,M,0.36,0.30,0.23,0.27,0.30,0.30,0.34,0.25,0.33,M,0.35,0.26,0.19,0.21,0.27,0.36,0.27,0.32,0.29,0.26,0.22,0.30,0.30,0.15,0.27,0.35,M,0.24,0.18,,
24-Sep,0.32,0.22,0.30,0.28,0.12,0.18,0.29,0.28,0.30,0.54,0.30,0.38,0.23,0.31,0.23,0.26,0.37,0.25,0.36,0.82,M,..07,0.24,0.29,0.21,0.17,0.40,0.28,0.22,0.25,0.26,0.21,0.24,0.24,0.19,0.30,0.20,0.20,0.35,,
25-Sep,0.33,0.27,0.14,0.30,0.18,0.29,0.30,0.36,0.26,0.29,0.29,0.29,0.31,0.33,0.19,0.19,0.29,0.29,0.35,0.39,M,0.14,0.34,0.30,0.25,0.19,0.29,0.24,0.20,0.27,0.29,0.25,0.27,0.31,0.27,0.15,0.35,0.15,M,,
26-Sep,0.30,0.29,0.07,0.26,0.18,0.20,0.41,0.45,0.23,0.30,0.27,0.06,0.25,0.31,0.30,0.21,0.30,0.30,0.26,0.33,M,0.24,0.40,M,0.27,0.28,0.24,0.25,0.29,0.27,0.22,0.34,0.28,0.30,0.13,0.24,0.40,M,M,,
27-Sep,0.39,0.27,0.09,0.26,0.25,0.19,0.30,0.36,0.39,0.30,0.28,0.28,0.31,0.27,0.31,0.25,0.30,0.26,0.24,0.29,1.30,0.25,0.25,0.11,0.28,0.26,0.26,M,0.29,0.33,0.27,0.38,0.09,0.30,0.16,0.21,0.27,M,1.50,3 day total,
28-Sep,0.27,0.38,0.33,0.26,0.25,0.30,0.30,0.41,0.30,0.30,0.30,0.30,0.28,0.31,0.35,0.36,0.25,0.28,0.22,0.27,0.30,0.28,0.12,0.30,0.28,0.18,0.32,0.55,0.32,0.22,0.18,0.28,0.15,0.25,0.26,0.24,0.28,0.53,0.25,,
29-Sep,0.26,0.21,0.41,0.24,0.28,0.30,0.30,0.30,0.26,0.28,0.42,0.29,0.21,0.27,0.30,0.33,0.24,0.34,0.22,0.41,0.30,0.17,0.31,0.29,0.28,0.25,0.32,0.35,0.27,0.34,0.22,0.26,0.21,0.30,0.17,0.21,0.19,M,0.28,,
30-Sep,0.33,0.07,0.18,0.21,0.25,0.43,0.36,0.36,0.25,0.37,0.42,0.26,0.15,0.25,0.25,0.36,0.28,0.37,0.29,0.33,0.26,M,0.32,0.10,0.20,0.19,0.41,0.35,0.23,0.31,0.24,0.24,0.21,0.25,0.17,0.27,0.17,0.22,0.25,,
1-Oct,0.27,0.11,0.30,0.24,0.30,0.39,0.30,0.31,0.00,0.27,0.35,0.28,0.26,0.21,0.33,0.31,0.30,0.30,0.39,0.30,0.32,0.27,0.30,M,0.23,0.14,0.15,0.32,0.25,0.23,M,0.22,0.19,0.28,0.29,0.24,0.00,0.30,0.30,,
2-Oct,0.24,0.11,0.24,0.30,0.39,0.32,0.28,0.30,0.30,0.30,0.28,0.30,0.23,0.24,0.30,0.38,0.28,0.27,0.30,0.22,0.19,0.21,0.09,M,0.27,0.14,0.25,0.20,0.31,0.22,0.28,0.23,0.22,0.27,0.10,0.30,0.00,0.28,0.52,,
3-Oct,0.25,0.17,0.22,0.23,0.25,M,0.35,0.26,0.15,0.30,0.28,0.30,0.24,0.27,0.24,0.30,0.30,0.29,0.25,0.22,0.18,0.27,0.30,1.03,0.24,0.13,0.15,0.22,0.29,0.20,0.31,0.19,0.22,0.27,0.11,0.16,0.07,M,0.34,,
4-Oct,0.27,0.21,0.27,0.22,0.24,0.85,0.30,0.15,0.40,0.29,0.24,0.29,0.13,0.26,0.21,0.21,0.28,0.27,M,0.21,0.24,0.19,0.17,0.25,0.25,0.22,0.25,0.25,0.36,0.26,0.33,0.45,0.25,0.31,0.14,0.21,0.08,0.44,0.23,,
5-Oct,0.23,0.23,0.21,0.25,0.24,0.29,0.33,0.14,0.22,0.30,0.24,0.30,0.34,0.30,0.35,0.20,0.26,0.30,M,0.25,0.23,0.18,0.28,0.27,0.22,0.27,0.22,0.30,0.20,0.16,0.45,0.27,0.23,0.27,0.15,0.26,M,0.30,0.30,,
6-Oct,0.30,0.20,0.21,0.30,0.18,0.30,0.30,0.26,0.43,0.29,0.23,0.25,0.24,0.33,0.32,0.38,0.27,0.35,0.23,0.23,0.23,0.21,0.18,0.20,0.28,0.29,0.13,0.20,0.10,0.25,M,0.15,0.19,0.14,0.17,0.25,0.15,0.30,0.28,,
7-Oct,0.27,0.22,0.28,0.25,0.34,0.29,0.30,0.26,0.29,0.35,0.32,0.09,0.27,M,0.32,0.27,0.30,0.30,0.25,0.15,0.28,0.15,0.22,0.30,0.22,0.30,0.16,0.15,0.22,0.25,0.32,0.17,0.17,0.08,0.22,0.35,0.06,0.29,0.30,,
8-Oct,0.30,0.21,0.22,0.26,0.24,0.30,0.26,0.20,0.28,0.29,M,0.26,0.20,0.39,0.29,0.26,0.21,0.25,0.37,0.14,M,0.16,0.18,0.10,0.17,0.18,0.19,0.21,0.15,0.15,0.07,0.18,0.12,0.14,0.20,0.15,0.23,0.29,0.27,,
9-Oct,0.25,0.20,0.24,0.25,0.25,0.30,0.32,0.27,0.38,0.23,0.42,0.23,0.29,0.28,0.25,0.24,0.30,0.31,0.35,0.22,M,0.21,0.20,0.10,0.20,0.17,0.20,0.15,0.15,0.14,0.25,0.24,0.17,0.17,0.30,0.21,0.29,0.25,0.32,,
10-Oct,0.29,0.22,0.20,0.19,0.14,0.20,0.37,0.30,0.23,0.40,0.18,0.16,0.37,0.21,0.28,0.29,0.22,0.34,0.27,0.15,0.71,0.04,0.28,0.20,0.19,0.23,0.19,0.30,0.15,0.09,0.18,0.26,0.18,0.13,0.15,0.22,0.03,M,0.25,,
11-Oct,0.21,0.25,0.23,0.11,0.10,0.25,0.25,0.28,0.20,0.38,0.23,M,0.22,0.25,0.25,0.14,0.22,0.21,0.21,M,0.16,0.12,0.20,M,0.15,0.20,0.38,0.18,0.19,0.19,0.21,0.21,0.22,0.21,0.10,0.19,0.15,0.30,0.22,,
12-Oct,0.28,0.25,0.15,0.15,0.16,0.22,0.32,0.26,0.20,0.15,0.22,M,0.22,0.30,0.27,0.27,0.30,0.31,0.25,0.14,0.21,0.19,0.24,0.40,0.16,0.19,0.18,0.12,0.25,0.21,0.27,0.21,0.17,0.15,0.15,0.15,0.17,M,0.26,,
13-Oct,0.20,0.24,0.20,0.20,0.21,0.17,0.30,0.27,0.21,0.21,0.21,M,0.27,0.21,0.22,0.14,0.20,0.30,M,0.14,M,0.22,0.26,0.20,0.22,0.22,0.21,0.28,0.20,0.23,0.13,0.15,0.23,0.41,0.15,0.12,0.11,M,0.14,,
14-Oct,M,0.24,0.23,0.25,0.22,0.20,0.10,0.33,0.24,0.19,0.21,M,0.23,0.21,0.13,0.31,0.25,0.29,0.35,0.03,0.16,0.19,0.27,0.15,0.26,0.19,0.21,0.25,0.30,0.18,0.12,0.15,0.15,0.07,0.18,0.15,0.09,0.56,0.34,,
15-Oct,0.26,0.21,0.27,0.27,0.19,0.21,0.12,0.30,0.23,0.21,0.26,M,0.16,0.21,0.18,0.30,0.28,0.14,0.25,0.20,0.21,0.25,0.21,0.21,0.18,0.19,0.15,0.10,0.20,0.16,0.23,0.20,0.15,0.05,0.15,0.18,0.15,0.25,0.30,,
16-Oct,0.24,0.22,0.23,0.15,0.21,0.18,0.18,0.20,0.20,0.24,0.22,M,0.11,0.26,0.25,0.20,0.24,0.28,0.21,0.31,0.20,0.19,0.17,M,0.16,0.13,0.15,0.10,0.10,0.23,0.16,0.15,0.15,0.05,0.22,0.17,M,0.30,0.27,,
17-Oct,0.23,0.14,0.18,0.09,0.22,0.25,0.25,0.22,0.24,0.23,0.20,M,0.45,0.19,0.23,0.22,0.24,0.37,0.21,0.28,0.15,0.26,0.43,M,0.19,0.05,0.20,0.17,0.10,0.25,0.15,0.12,0.15,0.26,0.15,0.17,0.34,M,0.24,,
18-Oct,0.22,0.17,0.26,0.11,0.27,0.22,0.26,0.30,0.21,0.30,0.21,M,0.15,0.21,0.23,0.19,0.17,0.15,0.22,0.12,0.15,0.28,0.43,0.17,0.18,0.04,0.15,0.20,0.26,0.15,0.19,M,0.09,0.19,0.15,0.19,0.20,0.15,0.21,,
19-Oct,0.21,0.17,0.16,0.15,0.24,0.23,0.25,0.32,0.25,0.21,0.18,M,0.09,0.21,0.19,0.29,0.24,0.16,0.17,0.21,0.31,0.24,0.10,M,0.17,0.19,0.17,0.31,0.24,0.26,0.15,0.17,0.18,0.18,0.30,M,0.26,0.20,0.27,,
20-Oct,0.23,0.19,0.18,0.26,0.21,0.23,0.19,0.33,0.30,0.24,0.18,M,0.15,0.22,0.21,0.28,0.21,0.19,0.19,0.21,M,0.24,0.21,0.45,0.19,0.17,0.18,0.30,0.13,0.08,0.15,M,0.23,0.15,0.08,0.41,0.15,0.30,0.15,,
21-Oct,0.19,0.20,0.17,0.18,0.25,0.19,0.20,0.23,0.24,0.19,0.24,M,0.04,0.24,0.25,0.26,0.15,0.18,0.17,0.22,0.29,0.21,0.23,M,0.14,0.30,0.21,0.18,0.16,0.12,0.20,0.18,0.05,0.12,0.09,0.21,0.21,0.30,0.15,,
22-Oct,0.21,0.19,0.17,0.18,0.14,0.19,0.18,0.08,0.24,0.19,0.16,M,0.15,0.24,0.26,0.15,0.16,0.38,0.06,0.24,0.19,0.21,..17,M,0.19,0.27,0.19,0.25,0.08,0.13,0.15,0.13,0.08,0.12,0.13,0.15,0.27,0.30,0.29,,
23-Oct,0.18,0.21,0.21,0.13,0.15,0.16,0.20,0.18,0.19,0.19,0.20,M,0.16,0.21,0.23,0.15,0.17,M,0.20,0.21,0.19,0.23,0.20,0.39,0.10,0.13,0.16,0.25,0.12,0.15,0.07,0.10,0.15,0.11,0.21,0.19,0.18,M,M,,
24-Oct,0.15,0.17,0.16,0.18,0.25,M,0.19,0.22,0.22,0.20,0.17,M,0.07,0.22,0.18,0.20,0.19,0.42,0.07,0.29,M,0.27,0.08,M,0.15,0.12,0.17,0.30,0.11,0.18,0.19,0.08,0.12,0.08,M,0.24,0.12,0.50,0.33,2 day total,
25-Oct,0.15,0.28,0.22,0.13,0.18,0.28,0.21,0.20,0.25,M,0.18,M,0.18,0.16,0.24,0.22,0.17,0.23,0.15,0.18,0.27,0.20,0.14,M,0.14,0.15,0.13,0.25,0.10,0.16,0.18,M,0.27,0.14,0.24,0.15,0.20,0.44,M, ,
26-Oct,0.16,0.29,0.19,0.14,0.23,0.15,0.18,0.21,0.19,0.31,0.16,M,0.18,0.19,0.15,0.20,0.20,0.22,0.15,M,0.14,0.27,0.18,0.75,0.23,0.23,0.20,0.19,0.08,0.19,0.15,0.22,0.22,0.18,0.16,0.15,M,0.15,0.40,2 day total,
27-Oct,0.22,0.24,0.15,0.18,0.20,0.14,0.20,0.20,0.30,0.26,0.12,M,0.21,0.15,0.12,0.16,0.27,0.16,0.10,0.25,M,0.13,0.15,0.13,0.10,0.17,0.11,0.18,0.13,0.15,0.15,0.20,0.17,0.17,0.16,0.17,M,M,0.30,,
28-Oct,0.23,0.12,0.18,0.14,0.25,0.19,0.20,0.18,0.20,0.11,0.12,M,0.08,0.18,0.11,0.16,0.10,0.16,0.09,0.27,0.15,0.12,0.19,M,0.20,0.14,0.14,0.30,0.13,0.13,0.12,0.15,0.15,0.08,0.18,0.15,0.54,M,M,,
29-Oct,0.16,0.16,0.17,0.21,0.17,0.20,0.18,0.20,0.26,0.11,0.14,M,0.17,0.17,0.13,0.19,0.19,0.17,0.13,0.30,0.40,0.15,0.02,M,0.12,0.17,0.10,0.15,0.16,0.12,0.13,0.30,0.13,0.09,0.11,0.16,0.15,M,0.35,2 day total,
30-Oct,0.13,0.16,0.16,0.16,0.22,0.16,0.19,0.20,0.20,0.09,0.16,M,0.21,0.12,0.15,0.15,0.09,M,0.10,0.20,M,0.20,0.09,M,0.06,0.19,0.10,0.15,0.17,0.13,0.13,M,0.14,0.15,0.15,0.14,0.13,0.25,0.16,,
31-Oct,0.18,0.16,0.17,0.18,0.22,0.08,0.22,0.21,0.19,0.16,0.16,M,0.13,0.12,0.17,0.16,M,0.42,0.10,0.15,0.20,0.19,0.12,0.55,0.12,0.12,0.27,0.11,0.18,0.15,0.14,M,0.13,0.14,0.12,0.13,0.25,0.24,0.14,,
1-Nov,0.16,0.19,0.18,0.14,0.26,0.24,0.27,0.19,0.15,0.13,0.25,M,0.14,M,0.18,0.16,0.22,M,0.15,M,M,0.12,0.13,0.27,0.11,0.14,0.13,0.11,0.15,0.12,0.15,0.25,0.15,0.10,0.24,0.16,0.15,0.15,0.12,,
2-Nov,0.20,0.12,0.18,0.15,0.19,0.12,0.20,0.22,0.25,0.13,0.14,M,0.10,0.26,0.18,0.20,0.11,M,0.11,0.24,0.60,0.15,0.19,0.15,0.13,0.14,0.14,0.13,0.16,0.15,0.08,0.10,0.25,0.10,0.15,0.06,0.09,0.24,0.23,,
3-Nov,0.23,0.14,0.18,0.17,0.16,0.13,0.18,0.20,0.21,0.14,0.21,M,0.12,0.14,0.19,0.24,0.14,0.36,0.12,0.22,0.18,0.11,0.15,0.12,0.10,0.12,0.13,M,0.07,0.18,0.10,0.15,0.11,0.27,0.17,0.09,0.13,0.35,0.22,,
4-Nov,0.19,0.15,0.19,0.16,0.23,0.16,0.19,0.18,0.20,0.26,0.24,M,0.15,0.15,0.17,0.12,0.21,0.20,0.07,0.23,0.17,0.18,0.12,0.09,0.11,0.12,0.15,0.20,0.30,0.13,0.14,0.18,0.14,0.13,0.16,0.20,0.13,0.15,0.24,,
5-Nov,0.16,0.10,0.19,0.17,0.12,0.14,0.17,0.19,0.15,0.13,0.15,M,0.09,0.11,0.13,0.15,0.15,0.15,0.08,M,M,0.15,0.14,0.10,0.12,0.14,0.09,0.13,0.15,0.11,0.13,0.16,0.17,0.05,0.15,0.09,0.12,M,0.28,,
6-Nov,0.15,0.14,0.17,0.13,0.20,0.07,0.19,0.15,0.15,0.18,0.16,M,0.12,0.02,0.18,0.18,0.12,0.11,0.05,M,M,0.09,0.12,0.08,0.12,0.11,0.12,0.11,0.15,0.09,0.14,0.15,0.12,0.06,0.09,0.18,0.11,0.30,0.29,,
7-Nov,0.12,0.15,0.13,0.18,0.27,0.15,0.12,0.20,0.21,0.11,0.15,M,0.01,0.13,0.19,0.14,0.13,0.21,0.06,0.63,0.29,0.11,0.10,0.14,0.21,0.10,0.12,0.10,0.11,0.22,0.15,0.14,0.00,0.15,0.10,0.13,0.09,0.13,0.15,,
8-Nov,0.07,0.20,0.13,0.15,0.21,0.07,0.17,0.15,0.13,0.23,0.15,M,M,0.12,0.24,M,0.20,0.13,0.15,0.18,0.15,0.10,0.08,0.15,0.11,0.12,0.14,0.12,0.12,0.13,0.10,0.15,0.15,0.08,0.26,0.13,0.15,0.13,0.13,,
9-Nov,0.07,0.18,0.14,0.16,0.17,0.22,0.16,0.15,0.24,0.14,0.15,M,0.02,0.12,M,0.36,0.20,0.15,0.05,0.08,0.11,0.13,0.08,0.29,0.15,0.14,0.11,0.13,0.17,0.09,0.14,0.13,0.15,0.11,0.13,0.11,0.14,0.15,0.20,,
10-Nov,0.11,0.13,0.17,0.14,0.15,0.20,0.17,0.15,0.15,0.12,0.07,M,0.15,0.13,0.43,0.14,0.07,0.11,0.10,0.27,0.15,0.11,0.12,0.14,0.13,0.11,0.08,0.12,0.22,0.10,0.15,0.15,0.12,0.13,0.21,M,0.15,0.30,0.15,,
11-Nov,0.10,0.15,0.17,0.18,0.21,0.15,0.20,0.21,0.17,0.30,0.15,M,0.13,0.14,0.15,0.19,0.14,0.14,0.09,0.03,0.20,0.15,0.07,M,0.11,0.12,0.08,0.11,0.15,0.15,M,0.14,0.09,0.10,0.17,M,M,0.27,0.05,,
12-Nov,0.07,0.16,0.13,0.15,0.17,0.15,0.18,0.23,0.20,0.17,0.19,M,M,0.13,0.18,0.53,0.08,0.18,0.14,0.12,0.19,0.06,0.11,0.15,0.15,0.12,M,late ,0.07,0.10,0.15,0.13,0.06,0.07,0.11,M,0.12,0.30,0.10,,
13-Nov,0.11,0.15,0.23,0.08,0.24,0.18,0.14,M,0.18,0.11,0.14,M,M,0.04,0.17,0.11,0.07,0.13,0.08,0.09,0.22,0.02,0.08,0.07,0.07,0.06,0.10,late ,0.08,0.06,0.15,0.13,0.12,0.08,0.10,0.47,0.15,0.19,0.16,,
14-Nov,0.11,0.16,0.14,0.12,0.22,0.15,0.22,0.41,0.18,0.20,0.20,M,0.00,0.20,M,0.01,0.15,0.14,0.10,0.14,M,0.13,M,0.15,0.10,0.07,0.14,late ,0.08,0.09,0.05,0.10,0.07,0.14,0.11,0.13,M,0.16,0.13,,
15-Nov,0.03,0.15,0.14,0.09,0.20,0.17,0.22,0.15,0.17,0.08,0.08,M,0.21,0.13,M,0.11,0.14,0.22,0.11,0.16,M,M,0.22,0.19,0.14,0.07,0.12,late ,0.15,0.05,0.10,0.11,0.06,0.25,0.08,0.12,0.13,0.15,0.08,,
16-Nov,0.04,0.10,0.09,0.10,0.15,0.14,0.15,0.23,0.15,0.06,0.13,M,0.16,0.14,0.45,0.17,0.14,0.10,0.18,0.16,M,0.15,0.01,0.18,0.11,0.15,0.12,0.21,0.03,0.08,M,0.12,0.13,0.19,M,0.13,M,0.23,0.11,,
17-Nov,0.16,M,0.13,0.13,0.06,0.10,0.15,0.15,0.21,0.15,0.11,M,0.12,0.14,M,0.16,0.13,0.15,0.11,0.15,M,0.11,0.07,0.16,0.09,0.09,0.06,0.34,0.08,0.06,M,0.15,0.18,0.04,0.27,0.12,0.10,0.15,0.07,,
18-Nov,0.10,M,0.10,0.13,0.08,0.18,0.15,0.22,0.11,0.10,0.22,0.03,0.10,0.18,0.23,0.11,0.13,0.17,0.13,0.09,M,0.07,0.05,0.15,0.00,0.09,0.12,0.13,0.06,0.08,0.12,0.15,0.12,0.03,0.08,0.13,0.15,0.10,0.07,,
19-Nov,0.05,0.21,0.07,0.19,0.12,0.21,0.15,0.21,0.15,0.35,0.11,0.13,0.14,0.11,0.15,0.13,0.17,0.14,0.16,0.06,0.45,0.12,0.14,0.28,0.23,0.12,0.09,0.10,0.18,0.08,0.08,0.08,0.08,0.11,0.09,0.13,0.13,0.16,0.07,,
20-Nov,M,0.14,0.11,0.07,0.11,0.18,0.30,0.20,0.07,0.18,0.14,0.14,0.11,0.11,0.15,0.15,0.13,0.18,0.13,0.10,0.18,0.15,M,0.07,0.09,0.08,0.10,0.08,0.09,0.09,M,0.07,0.06,M,0.12,0.14,0.01,0.00,0.06,,
21-Nov,0.03,0.10,0.23,0.15,0.15,0.21,M,0.09,0.08,0.09,0.14,0.10,0.18,0.12,0.15,0.14,0.11,0.16,0.13,0.12,0.17,0.09,0.17,0.11,0.09,0.10,0.09,M,0.03,0.06,0.14,0.14,0.04,0.09,0.00,0.13,0.12,0.05,0.08,,
22-Nov,0.15,0.08,0.15,0.08,0.15,0.10,M,0.11,0.13,0.11,0.14,0.13,0.08,0.14,M,0.14,0.14,0.22,0.16,0.14,0.15,0.09,0.12,0.07,0.09,0.11,0.11,0.17,0.11,0.10,0.11,0.06,0.08,0.12,0.10,0.14,0.02,0.08,0.13,,
23-Nov,0.07,0.09,0.03,0.15,0.19,0.07,M,0.12,0.17,0.16,0.18,0.06,0.12,0.14,0.46,M,0.18,0.15,M,0.19,M,0.08,0.01,M,0.10,0.13,0.10,0.02,0.06,0.09,M,0.05,0.12,0.25,0.07,0.14,0.09,M,0.15,,
24-Nov,0.12,0.10,0.05,M,0.14,0.10,M,0.12,0.15,0.14,0.15,0.15,0.07,0.13,0.12,M,0.13,0.14,0.26,0.09,M,0.04,0.29,M,0.10,0.02,0.03,0.18,0.08,0.03,0.09,0.02,0.13,0.00,0.07,0.18,M,0.15,0.22,,
25-Nov,0.15,0.07,0.05,0.00,0.24,M,M,0.13,0.15,0.10,0.12,0.15,0.06,0.15,0.12,M,M,0.13,0.09,0.10,M,0.01,0.10,M,0.08,0.14,0.05, ,0.06,0.02,0.10,0.03,0.12,0.09,0.13,0.10,0.09,0.14,0.23,,
26-Nov,0.04,0.07,0.09,0.03,0.13,0.11,0.04,0.10,0.12,0.08,0.11,0.15,0.14,0.12,M,M,M,0.15,0.15,0.06,0.30,0.01,0.10,0.57,0.07,0.07,0.11,M,0.12,0.09,0.03,0.04,0.12,0.15,0.07,0.08,0.13,0.70,0.21,,
27-Nov,0.08,M,0.13,0.05,0.18,0.11,0.13,0.06,0.10,0.11,0.15,0.14,0.08,0.17,0.20,M,M,M,0.09,0.11,0.21,0.14,0.15,M,0.07,0.06,0.08,0.29,0.10,0.14,0.10,0.12,0.07,0.09,0.12,0.04,0.09,0.08,0.10,,
28-Nov,0.09,0.08,0.04,0.03,0.17,0.15,0.15,0.21,0.11,M,0.14,0.12,0.16,0.19,M,M,M,M,0.13,0.14,0.15,0.15,0.24,0.31,0.06,0.05,0.04,0.14,0.05,0.06,0.09,0.10,0.07,0.01,0.09,0.06,0.07,0.09,0.07,,
29-Nov,0.09,0.09,0.10,0.09,0.15,M,0.15,0.28,0.18,0.30,0.14,0.15,0.10,0.10,0.21,M,M,M,0.11,0.09,0.05,0.07,0.32,0.07,0.09,0.03,M,0.09,0.03,0.08,M,0.05,0.07,0.07,0.08,0.06,0.06,0.00,0.11,,
30-Nov,0.04,0.09,0.09,0.11,0.15,0.15,0.13,0.12,0.14,M,0.13,0.10,0.23,0.13,M,M,0.11,M,0.13,0.11,0.06,0.16,M,0.11,0.10,0.03,0.15,M,0.07,0.04,0.12,0.15,0.10,0.00,0.04,0.15,0.00,0.09,0.15,,
1-Dec,0.23,0.05,0.07,0.08,0.15,0.10,0.10,0.14,0.11,M,0.10,0.11,0.13,0.09,0.17,M,M,0.14,0.10,M,0.08,0.15,0.07,0.06,0.14,0.02,0.09,0.18,0.06,0.13,0.01,0.04,0.06,0.15,0.03,0.11,M,0.06,0.13,,
2-Dec,0.05,0.02,0.08,0.07,0.15,0.12,0.11,0.17,0.12,0.09,0.12,0.11,0.13,0.12,0.11,0.26,M,0.15,0.09,M,0.08,0.15,0.06,0.06,0.11,0.02,0.09,0.10,0.03,0.07,M,0.02,0.07,0.06,0.15,0.06,M,0.08,0.15,,
3-Dec,0.07,0.03,0.08,0.09,0.12,0.10,0.15,0.18,0.18,0.08,0.05,0.16,0.13,0.11,0.15,0.05,M,0.14,0.13,M,0.03,0.13,0.04,0.10,0.16,0.07,0.08,0.04,0.09,0.03,0.26,0.06,0.05,0.10,0.00,0.07,0.16,0.08,0.16,,
4-Dec,0.08,0.10,0.01,0.04,0.12,0.10,0.15,0.16,0.17,0.12,M,0.15,0.03,0.10,0.07,0.14,M,0.13,0.10,M,0.07,0.13,0.01,0.11,0.10,0.08,0.06,0.10,0.07,0.06,0.09,0.07,0.00,0.10,0.09,0.13,M,0.08,0.12,,
5-Dec,0.06,0.07,0.04,0.10,0.15,0.10,0.14,0.13,0.19,0.05,M,0.12,0.05,0.10,0.06,0.10,0.19,0.12,0.12,M,0.10,0.11,0.09,0.12,0.11,0.06,0.06,0.09,0.09,0.11,0.10,0.09,0.05,0.20,0.08,0.08,M,0.07,0.06,,
6-Dec,0.09,0.10,0.08,0.03,M,0.05,0.17,0.16,0.10,0.10,M,0.10,0.01,0.11,M,0.08,0.09,M,0.14,M,0.11,0.11,0.06,0.10,0.08,0.06,0.10,0.05,0.05,0.06,0.08,0.11,0.11,0.11,0.05,0.05,0.16,0.07,0.08,,
7-Dec,0.09,0.08,0.10,0.08,0.02,0.08,0.13,0.08,0.23,0.06,0.19,0.12,0.06,0.08,M,0.03,0.03,0.20,0.12,0.05,M,0.06,0.03,0.08,0.11,0.01,0.01,0.02,0.08,0.06,0.11,M,0.09,0.00,0.10,0.11,M,0.07,0.18,,
8-Dec,0.03,0.08,0.05,0.11,0.07,0.08,0.15,0.16,0.12,M,0.04,0.09,0.05,0.09,0.36,0.00,0.08,0.12,M,0.11,0.04,0.12,0.03,0.08,0.07,0.06,0.07,0.10,0.05,0.08,0.10,0.08,0.04,0.08,0.14,0.14,0.07,0.00,0.14,,
9-Dec,0.01,0.07,0.06,0.09,0.04,0.10,0.26,0.12,0.15,0.16,0.03,0.07,0.08,0.11,0.15,0.06,0.09,0.09,0.21,0.14,0.10,0.14,0.06,0.14,0.07,0.00,0.13,0.07,0.12,0.03,0.13,0.09,0.06,0.07,0.12,0.06,0.07,0.06,0.14,,
10-Dec,0.00,0.09,0.03,0.15,0.14,0.09,0.08,0.14,0.17,M,M,0.08,M,0.10,0.15,0.10,0.12,0.12,0.06,0.11,0.08,0.10,0.06,0.08,0.09,0.04,0.09,0.03,0.02,0.10,0.04,0.09,0.11,0.05,0.07,0.13,0.07,0.09,0.09,,
11-Dec,0.05,0.08,0.00,0.01,0.10,0.10,0.10,0.20,0.14,M,0.07,0.11,M,0.08,M,0.15,0.10,0.11,0.08,0.03,0.08,0.05,0.11,0.07,0.08,0.08,0.08,0.03,0.15,0.10,0.03,0.04,0.06,0.02,0.07,0.06,M,0.04,0.04,,
12-Dec,0.11,0.12,0.05,M,0.10,0.11,0.09,0.11,0.11,0.62,0.15,0.15,0.43,0.08,0.09,0.06,M,0.11,0.10,0.04,0.11,0.04,0.03,0.04,0.07,0.00,0.04,0.04,0.09,0.05,0.05,0.19,0.05,0.00,0.04,0.12,M,M,0.04,,
13-Dec,0.09,0.08,0.01,0.06,0.08,0.18,0.12,0.14,0.06,0.09,0.07,0.09,0.07,0.12,0.15,0.15,M,0.12,0.14,0.05,0.05,0.06,0.08,0.05,0.07,0.06,0.10,0.04,0.10,0.03,0.07,0.12,0.00,0.02,0.04,0.06,0.23,0.11,0.15,,
14-Dec,0.08,0.07,0.05,0.07,0.09,M,0.13,M,0.08,0.07,0.16,0.07,0.06,0.10,0.08,0.15,0.19,M,0.11,0.05,0.09,0.05,0.12,0.08,0.06,0.07,0.11,0.03,0.08,0.01,0.08,0.02,0.04,0.03,0.11,0.09,M,M,0.11,,
15-Dec,0.08,0.07,0.06,0.10,0.07,0.12,0.12,0.22,0.06,0.06,0.09,0.06,0.10,0.08,0.17,0.11,M,0.22,0.06,0.04,0.05,0.08,0.10,0.07,M,0.06,0.05,0.03,0.06,0.03,0.00,0.03,0.05,0.03,0.07,0.07,0.14,M,0.10,,
16-Dec,0.09,0.09,0.08,0.09,0.14,0.09,0.12,M,0.04,0.11,0.11,0.05,0.10,0.08,0.16,M,M,0.12,0.09,0.09,0.10,0.14,0.12,0.09,0.08,0.04,0.00,0.05,0.04,0.08,0.07,0.03,0.03,0.06,0.02,0.07,M,M,0.07,,
17-Dec,0.08,0.08,0.07,0.15,0.03,0.03,0.13,M,0.10,0.08,0.07,0.07,0.14,0.09,0.14,M,M,0.12,0.14,0.10,0.08,0.14,0.08,0.06,0.04,0.04,0.02,0.08,M,0.09,0.04,0.03,0.04,0.08,0.18,0.01,0.09,M,0.10,,
18-Dec,0.07,0.09,0.06,0.09,0.08,0.04,0.11,0.32,0.11,0.04,0.03,0.08,0.13,0.04,0.15,M,0.06,M,0.13,0.09,0.12,0.08,0.11,0.08,0.06,0.05,0.11,0.08,0.04,0.10,0.05,0.01,0.05,0.05,0.08,0.08,M,M,0.06,,
19-Dec,0.07,0.07,0.06,0.15,0.08,M,0.12,0.07,0.10,0.30,0.00,0.11,0.14,0.04,0.09,M,0.10,0.20,0.12,0.07,0.06,0.09,0.09,0.02,0.08,0.04,0.07,0.08,0.09,0.03,0.05,0.03,0.06,0.02,0.08,0.05,M,0.68,0.09,,
20-Dec,0.10,0.06,0.06,0.09,0.04,0.05,0.08,0.05,M,0.04,0.11,0.11,0.08,M,M,M,0.08,0.13,0.13,0.10,0.09,0.10,0.03,0.07,0.03,0.07,0.04,0.08,0.04,0.04,0.08,0.00,M,0.03,0.09,0.05,0.15,0.06,0.06,,
21-Dec,0.09,0.05,0.09,0.13,0.07,0.09,0.05,0.14,0.07,M,0.12,0.08,0.15,M,M,M,0.12,0.09,0.09,0.09,0.05,0.09,0.07,0.07,0.04,0.11,0.04,0.09,0.03,0.04,0.06,0.01,0.09,0.04,0.04,0.11,0.05,M,0.08,,
22-Dec,0.09,M,0.05,0.10,0.10,0.08,0.06,0.08,0.08,M,0.06,0.10,0.04,M,0.30,M,0.11,0.13,0.10,0.09,0.05,0.13,0.15,0.08,0.00,0.05,0.04,0.05,0.06,0.07,0.08,0.01,0.06,0.08,0.06,M,0.07,M,0.07,,
23-Dec,0.16,0.04,0.08,0.09,0.13,0.09,0.11,0.12,0.11,M,0.13,0.11,0.05,M,0.12,M,M,0.19,0.14,0.08,0.02,0.12,0.06,0.08,0.04,0.04,0.04,0.07,0.04,0.04,0.05,0.04,0.08,0.05,0.02,0.11,M,0.28,M,,
24-Dec,0.11,0.07,0.05,0.11,M,0.08,M,0.12,0.12,M,0.11,0.13,0.06,M,0.12,M,0.16,0.17,0.10,0.06,0.02,0.06,0.11,0.09,0.05,0.05,0.05,0.05,0.07,M ,M,M,M,M,0.00,M,M,M,M,,
25-Dec,0.11,0.03,0.07,0.10,0.08,0.07,M,0.17,M,M,0.13,0.15,0.05,M,0.11,M,0.11,0.15,0.21,0.09,0.07,0.08,0.06,0.09,0.08,0.08,0.04,0.05,0.06,0.11,M,M,M,0.09,0.06,M,M,M,M,,
26-Dec,0.10,0.03,0.05,0.12,0.15,0.05,0.24,0.11,0.21,M,0.09,0.11,0.11,M,0.13,M,0.10,0.14,0.10,0.10,0.08,0.10,0.08,0.07,0.05,0.07,0.09,0.07,0.06,0.08,0.17,0.20,0.25,0.13,0.05,0.14,M,0.10,0.45,4 day total,
27-Dec,M,M,0.00,0.09,0.05,0.05,0.04,0.11,0.12,0.12,0.08,0.06,0.07,M,0.13,M,M,0.13,0.12,0.10,0.08,0.09,0.06,0.08,0.02,0.09,0.08,0.05,0.09,0.05,0.06,0.09,0.10,0.11,0.06,0.05,0.29,0.00,0.11,,
28-Dec,0.08,M,0.01,0.09,0.10,0.10,0.11,0.12,0.06,0.11,0.02,0.11,0.05,M,0.07,M,0.16,0.11,0.11,0.05,M,0.11,0.07,0.08,0.01,0.08,0.06,0.06,0.09,0.08,0.03,0.07,0.05,0.07,0.05,0.08,0.10,0.09,0.12,,
29-Dec,0.08,M,0.05,0.10,0.10,0.09,0.08,M,0.00,0.12,0.00,0.15,0.05,M,0.11,M,0.08,0.12,0.12,0.04,0.13,0.05,0.00,0.08,0.06,0.05,M,0.08,0.04,0.04,0.05,0.10,0.02,0.04,0.06,0.10,0.06,0.11,0.10,,
30-Dec,0.06,0.10,0.05,0.09,0.11,0.10,0.09,0.13,0.02,M,0.00,0.15,0.02,0.06,0.10,M,M,0.08,0.10,0.09,0.10,0.07,0.04,0.07,0.02,0.04,0.05,0.06,0.13,0.04,0.06,0.13,0.04,0.06,0.04,0.05,0.04,0.02,0.11,,
31-Dec,0.07,0.09,0.06,0.15,0.12,0.08,0.05,0.12,0.08,0.10,0.10,0.11,0.06,0.08,0.03,M,0.20,0.12,0.12,0.09,0.08,0.04,0.05,0.05,0.07,0.05,0.06,0.07,0.03,0.06,0.04,0.03,0.00,0.10,0.03,0.06,0.05,0.12,0.08,,
Annual Total Pan,88.43,87.11,99.04,95.18,94.67,97.52,101.07,107.68,96.87,95.26,89.53,87.31,93.02,91.25,98.91,84.41,74.25,85.10,89.08,92.61,89.78,80.61,87.15,80.24,85.16,83.72,80.55,84.88,82.57,87.33,82.60,80.69,79.74,80.31,82.80,81.65,80.83,85.55,98.46,Total Pan Evap,
Open Water Equivalent,61.90,60.98,69.33,66.63,66.27,68.26,70.75,75.38,67.81,66.68,62.67,61.12,65.11,63.88,69.24,59.09,51.98,59.57,62.36,64.82,62.85,56.43,61.00,56.17,59.61,58.60,56.39,59.42,57.80,61.13,57.82,56.48,55.82,56.22,57.96,57.16,56.58,59.89,68.92,Total Open Water Evap,