Date,"24th
Street",Deer Valley,Union Hills,Val Vista,COP Plant Plant Production,Lake Pleasant,Total Production,"Val Vista to
MESA",Val Vista to Scottsdale,"Deer Valley to
Tolleson",Phoenix
1/1/18,30.1,40.32,99.62,14.24,184.28,29.17,213.45,6.85,0,1.59,205.01
1/2/18,29.9,41.48,89.35,47.79,208.52,24.68,233.2,26.65,0,1.76,204.79
1/3/18,8.4,41.5,86.73,78.7,215.32,24.34,239.66,34.64,0,2.76,202.27
1/4/18,0,40.95,84.77,103.22,228.94,25.14,254.08,34.68,0,2.43,216.97
1/5/18,0,11.03,86.57,140.18,237.77,24.63,262.4,31.66,0,2.83,227.91
1/6/18,0,0,84.11,153.87,237.98,24.8,262.78,36.07,0,3.63,223.08
1/7/18,0,0,89.81,154.19,244,24.68,268.68,33.16,0,2.62,232.9
1/8/18,0,0,84.73,134.16,218.89,25.39,244.28,28.25,0,2.36,213.67
1/9/18,0,0,79.2,124.11,203.31,25.35,228.66,31.43,0,3.03,194.19
1/10/18,0,0,73.52,127.34,200.86,24.81,225.67,29.09,0,3.05,193.53
1/11/18,0,0,77.22,124.22,201.44,24.74,226.18,29,0,3.06,194.12
1/12/18,0,0,76.55,119.78,196.32,24.85,221.17,28.73,0,2.77,189.67
1/13/18,0,0,79.59,114.66,194.25,25.28,219.53,31.72,0,2.38,185.43
1/14/18,0,0,76.15,115.64,191.79,25.15,216.94,29.61,0,3.11,184.22
1/15/18,0,0,75.63,120.64,196.27,25.12,221.39,29.91,0,2.12,189.36
1/16/18,0,0,92.06,131.59,223.65,24.67,248.32,28.84,0,2.84,216.64
1/17/18,0,0,85.64,134.47,220.11,25.54,245.65,31.09,0,2.81,211.74
1/18/18,0,0,85.66,137.82,223.48,12.75,236.23,28.93,0,2.86,204.44
1/19/18,0,0,72.4,127.85,200.25,12.02,212.27,29.63,0,3.39,179.25
1/20/18,0,0,81.45,124.34,205.79,23.51,229.3,30.89,0,2.75,195.66
1/21/18,0,0,74.29,124.94,199.23,25.81,225.04,33.45,0,2.75,188.84
1/22/18,0,0,81.08,124.99,206.07,25.68,231.75,28.55,0,2.13,201.07
1/23/18,0,0,71.17,131.83,203,26.15,229.15,29.86,0,2.85,196.44
1/24/18,0,0,74.22,138.59,212.81,40.53,253.34,29.81,0,3.04,220.5
1/25/18,0,0,96.13,143.5,239.63,0.8,240.43,29.49,0,3.38,207.55
1/26/18,0,0,80.43,137.37,217.81,30.73,248.54,29.71,0,3.14,215.68
1/27/18,0,0,81.73,145.27,226.99,31.05,258.04,31.5,0,3.23,223.32
1/28/18,0,0,76.38,141.27,217.65,31.14,248.79,29.89,0,2.59,216.31
1/29/18,0,0,73.71,139.31,213.02,34.72,247.74,28.43,0,2.73,216.57
1/30/18,0,0,78.61,139.45,218.06,35.41,253.47,28.94,0,3.77,220.76
1/31/18,0,0,80.42,138.23,218.66,36.05,254.71,29.72,0,3.45,221.54
2/1/18,0,0,74.53,132.6,207.13,26.11,233.24,29.53,0,2.92,200.8
2/2/18,0,0,80.64,129.45,210.08,26.88,236.96,29.61,0,3.56,203.79
2/3/18,0,0,80.54,126.92,207.46,25.53,232.99,25.49,0,3.29,204.22
2/4/18,0,0,83.98,133.72,217.7,25.67,243.37,21.83,0,2.62,218.92
2/5/18,0,0,86.65,131.41,218.06,25.05,243.11,21.03,0,2.27,219.81
2/6/18,0,0,87.21,128.04,215.25,0.95,216.2,20.43,0,3.6,192.17
2/7/18,0,0,92.64,128.75,221.4,26.78,248.18,27.62,0,3.13,217.43
2/8/18,0,0,97.72,129.49,227.21,22.02,249.23,30.07,0,3.22,215.95
2/9/18,0,0,96.78,140.49,237.26,25.34,262.6,38.28,0,3.14,221.19
2/10/18,0,0,94.31,149.55,243.86,25.41,269.27,40.8,0,2.91,225.56
2/11/18,0,0,83.73,147.49,231.22,25.88,257.1,43.12,0,2.85,211.13
2/12/18,27.5,0,87.05,141.39,255.94,24.65,280.59,42.38,0,2.68,235.53
2/13/18,34.9,0,78.63,115.95,229.48,26.05,255.53,36.61,0,3.27,215.64
2/14/18,34.6,0,70.56,106.13,211.29,27.05,238.34,26.47,0,3.19,208.68
2/15/18,34.8,0,71.86,97.69,204.35,27.42,231.77,23.48,0,2.89,205.4
2/16/18,35,0,56.01,91.09,182.1,25.6,207.7,22.08,0,2.95,182.68
2/17/18,32.7,0,53.04,79.16,164.89,25.48,190.37,24.15,0,2.95,163.27
2/18/18,29.9,0,56.82,75.32,162.04,25.92,187.96,23.79,0,2.47,161.7
2/19/18,29.7,0,68.61,84.72,183.03,27.08,210.11,25.03,0,2.8,182.28
2/20/18,34.8,0,72.84,95.3,202.93,25.42,228.35,23.28,0,3.03,202.05
2/21/18,34.6,0,78.01,89.81,202.42,26.16,228.58,20.77,0,3.25,204.56
2/22/18,34.9,0,79.82,103.45,218.17,25.55,243.72,24.66,0,2.93,216.13
2/23/18,35.1,0,67.59,98.23,200.92,34.34,235.26,25.04,0,3.35,206.86
2/24/18,34.9,0,69.3,89.58,193.78,35.65,229.43,25.82,0,3.2,200.41
2/25/18,34.5,0,62.71,83.09,180.3,34.76,215.06,25.17,0,2.2,187.7
2/26/18,34.6,0,69.02,82.95,186.57,36.04,222.61,24.99,0,2.48,195.14
2/27/18,35,0,76.17,90.28,201.45,24.75,226.2,26.06,0,2.84,197.29
2/28/18,34.9,0,73.17,93.56,201.63,25.39,227.02,26.25,0.01,2.94,197.82
3/1/18,34.3,0,73.27,92.13,199.7,26.11,225.81,27.6,0,3.13,195.08
3/2/18,34.5,0,76.1,93.77,204.36,26.04,230.4,27.46,0,2.99,199.96
3/3/18,35.5,0,78.63,91.83,205.95,25.79,231.74,30.68,0,2.54,198.52
3/4/18,34.5,0,76.02,96.59,207.11,25.58,232.69,29.82,0,2.4,200.47
3/5/18,30.7,29.46,66.47,84.84,211.47,24.61,236.08,26.62,0,2.67,206.79
3/6/18,22.4,51.12,70.16,93.64,237.31,26.11,263.42,27.67,0,2.85,232.9
3/7/18,35.2,41.81,67.17,88.91,233.09,26.39,259.48,29.06,0,3.12,227.3
3/8/18,34.3,40.64,66.43,79.66,221.03,25.77,246.8,30.92,0,3.22,212.67
3/9/18,35.3,41.76,70.5,72.02,219.57,24.38,243.95,29.1,0,2.94,211.91
3/10/18,35,40.85,69.49,73.12,218.46,25.66,244.12,31.74,0,3.05,209.34
3/11/18,34.1,41.23,58.49,74.5,208.32,25.22,233.54,29.15,0,2.58,201.81
3/12/18,35,40.06,57.46,73.89,206.4,25.47,231.87,29.11,0,3.19,199.57
3/13/18,35.7,40.94,60.9,81.94,219.48,25.62,245.1,28.48,0,3.31,213.31
3/14/18,55.7,59.83,0.21,82,197.74,26.63,224.37,28.97,0,3.86,191.54
3/15/18,64.5,69.7,-0.04,96.44,230.6,25.22,255.82,27.45,0,3.35,225.02
3/16/18,63.8,67.5,-0.13,87.98,219.15,24.91,244.06,29.34,0,3.45,211.27
3/17/18,64.3,71.24,-0.04,85.52,221.01,25.81,246.82,28.89,0,3.47,214.46
3/18/18,64.4,72.4,-0.04,84.45,221.21,25.28,246.49,28.87,0,2.78,214.83
3/19/18,64.8,72.25,-0.04,84.7,221.71,25.28,246.99,29.77,0,2.6,214.61
3/20/18,64.6,74.76,-0.04,93.75,233.07,25.97,259.04,31.05,0,3.02,224.97
3/21/18,65.5,80.79,-0.04,95.64,241.89,25.71,267.6,30.09,0,3.34,234.16
3/22/18,65.8,78.51,-0.04,93.84,238.11,25.2,263.31,29.78,0,3.27,230.26
3/23/18,64.7,76.16,-0.11,100.64,241.38,25.66,267.04,31.84,0,3.38,231.82
3/24/18,65.2,70.88,-0.12,88.02,223.97,25.55,249.52,30,0,3.57,215.96
3/25/18,65.5,73.23,-0.04,95.87,234.56,25.1,259.66,32.13,0,3,224.53
3/26/18,64.3,72.66,-0.12,97.72,234.56,26.12,260.68,30.37,0,2.96,227.35
3/27/18,64.7,71.29,-0.04,102.6,238.54,25.98,264.52,28.59,0,3.51,232.43
3/28/18,65.5,71.3,-0.04,107.26,244.02,25.06,269.08,27.76,0,3.49,237.82
3/29/18,62.7,70.98,0.22,115.95,249.85,27.41,277.26,27.36,0,3.47,246.43
3/30/18,59.9,69.64,0.58,120.94,251.05,27.97,279.02,29.19,0,3.37,246.46
3/31/18,59.5,68.22,2.65,120.51,250.87,27.03,277.9,29.82,0.01,3.44,244.63
4/1/18,59.6,61.33,0.72,121.02,242.67,24.7,267.37,30.21,0,2.52,234.64
4/2/18,50.2,52.4,50.72,113.22,266.54,25.29,291.83,32.85,0,2.74,256.24
4/3/18,39.8,41,72.44,103.13,256.37,24.65,281.02,33.92,0,3.83,243.27
4/4/18,32.8,50.95,78.68,105.14,267.56,24.54,292.1,31.42,0,4.22,256.46
4/5/18,48.5,41.01,84.57,112.42,286.5,25.18,311.68,32.12,0,3.82,275.74
4/6/18,60.9,13.8,87.16,112.45,274.31,25.5,299.81,34.93,0,4,260.88
4/7/18,64.1,0,94.8,111.9,270.8,25.35,296.15,34.5,0,4.31,257.33
4/8/18,65.6,0,98.89,113.56,278.05,25.66,303.71,34.73,0,3.29,265.7
4/9/18,63.6,0,97.78,111.67,273.05,25.61,298.66,30.91,0,3.63,264.12
4/10/18,64,0,99.82,112.72,276.54,25.82,302.36,28.92,0,3.3,270.14
4/11/18,64.9,0,97.41,110.8,273.1,24.32,297.42,26.66,0,3.94,266.82
4/12/18,64.5,0,104.46,112.21,281.17,23.84,305.01,23.69,0,4.34,276.97
4/13/18,64.9,0,99.45,105.68,270.04,23.67,293.71,25.66,0,3.38,264.67
4/14/18,64.8,0,101.08,101.66,267.55,23.99,291.54,27.21,0,3.58,260.75
4/15/18,64.5,0,101.78,102.69,268.96,24.37,293.33,27.79,0,2.79,262.75
4/16/18,62.4,0,102.46,101.95,266.81,24.03,290.84,25.99,0,2.69,262.17
4/17/18,59.9,0,113.16,107.27,280.34,23.68,304.02,30.4,0,3.33,270.28
4/18/18,59.2,0,107.85,111.99,279.04,25.14,304.18,34.28,0,3.42,266.47
4/19/18,64.5,0,108.33,111.65,284.49,23.61,308.1,35.37,0,3.41,269.32
4/20/18,69.7,0,101.59,110.47,281.75,23.32,305.07,32.02,0,3.04,270.01
4/21/18,70.6,0,104.3,110.87,285.78,24.53,310.31,32.85,0,3.49,273.97
4/22/18,68.3,0,103.03,111.18,282.5,24.57,307.07,35.01,0,2.78,269.27
4/23/18,65,0,101.53,115.33,281.87,23.67,305.54,33.33,0,3.44,268.77
4/24/18,60.1,0,116.88,120.85,297.83,24.03,321.86,31.4,0,4.05,286.42
4/25/18,61.8,0,106.96,123.94,292.7,24.81,317.51,35.36,0,4.2,277.95
4/26/18,60.3,0,112.38,131.8,304.49,27.5,331.99,33.89,0,3.28,294.82
4/27/18,61.9,0,112.26,129.76,303.91,29.18,333.09,39.12,0,3.69,290.28
4/28/18,61.2,0,112.73,133.56,307.5,29.58,337.08,36.43,0,4.42,296.23
4/29/18,62.3,0,110.27,132.71,305.28,29.58,334.86,38.53,0,3.32,293.02
4/30/18,59.7,0,108.52,132.3,300.52,29.14,329.66,38.68,0.01,3.26,287.71
5/1/18,62.8,0,111.28,133,307.08,25.43,332.51,38.29,0,3.68,290.54
5/2/18,60.5,0,105.09,130.81,296.4,27.6,324,35.11,0,3.61,285.28
5/3/18,62,0,103.2,131.12,296.31,26.81,323.12,37.82,0,3.63,281.67
5/4/18,62.6,0,106.97,133.24,302.81,26.28,329.09,34.36,0,3.87,290.86
5/5/18,61.1,0,107.72,131.37,300.2,26.04,326.24,26.59,0,3.58,296.07
5/6/18,60.3,0,104.74,128.27,293.31,25.2,318.51,24.35,0,3.69,290.47
5/7/18,60.3,0,107.88,120.68,288.87,26.2,315.07,25.78,0,3.24,286.05
5/8/18,60.7,0,106.26,129.9,296.86,25.47,322.33,24.64,0,3.81,293.88
5/9/18,59.6,0,101.28,147.68,308.56,27.07,335.63,34.54,0,4.05,297.04
5/10/18,59.6,0,105.35,160.84,325.8,26.03,351.83,42.63,0,4.06,305.14
5/11/18,59.9,0,111,159.33,330.24,24.72,354.96,40.99,0,4.03,309.94
5/12/18,60.3,0,113.83,160.49,334.62,26.59,361.21,42.87,0,3.96,314.38
5/13/18,60.6,0,119.11,160.71,340.42,25.24,365.66,41.27,0,3.28,321.11
5/14/18,64.4,0,113.58,159.86,337.84,25.91,363.75,43.2,0,3.49,317.07
5/15/18,69.6,0,117.96,149.11,336.67,25.65,362.32,41.57,0,3.9,316.84
5/16/18,74.4,0,115.68,140.47,330.55,26.65,357.2,42.43,0,4.57,310.2
5/17/18,74.8,0,116.17,141.35,332.32,26.59,358.91,42.72,0,4.37,311.82
5/18/18,79.9,0,118.81,138.91,337.63,25.96,363.59,43.35,0,3.75,316.49
5/19/18,84.8,0,119.35,141.38,345.52,25.52,371.04,44.42,0,3.72,322.91
5/20/18,84.2,0,113.92,140.48,338.6,26.91,365.51,42.84,0,3.45,319.22
5/21/18,83.9,0,113.94,140.2,338.03,26.36,364.39,43.21,0,3.57,317.62
5/22/18,85.2,0,115.17,139.21,339.58,26.84,366.42,41.98,0,3.98,320.47
5/23/18,83.9,0,119.23,140.76,343.89,25.24,369.13,42.84,0,3.56,322.73
5/24/18,85.4,0,116.15,140.44,341.99,25.91,367.9,44.77,0,4.52,318.61
5/25/18,85.1,0,118.54,138.69,342.34,27.1,369.44,42.64,0,3.92,322.88
5/26/18,83.6,0,115.74,141.22,340.55,28.06,368.61,44.37,0,3.82,320.43
5/27/18,85.3,0,118.6,139.96,343.86,26.02,369.88,42.93,0,3.44,323.51
5/28/18,84.2,0,112.1,139.84,336.14,25.87,362.01,44.67,0,3.48,313.87
5/29/18,84.9,0,113.83,140.58,339.32,26.47,365.79,41.96,0,3.54,320.28
5/30/18,85.1,0,113.42,144.62,343.14,27.08,370.22,43.29,0,3.84,323.09
5/31/18,83.9,0,118.15,147.98,350.03,24.38,374.41,44.73,0.01,4.32,325.35
6/1/18,86,0,110.72,157.94,354.66,29.58,384.24,42.46,0,4.27,337.51
6/2/18,89.5,0,115.9,168.96,374.36,26.65,401.01,44.84,0,4.45,351.72
6/3/18,81.6,0,112.27,168.27,362.13,26.56,388.69,43.85,0,3.84,341.01
6/4/18,85.3,0,114.73,166.84,366.87,25.93,392.8,44.26,0,3.75,344.79
6/5/18,86,0,115.98,170.39,372.36,27.23,399.59,35.9,0,4.61,359.08
6/6/18,84.7,0,119.54,154.28,358.52,25.83,384.35,35.96,0,5.1,343.29
6/7/18,86.6,0,123.02,152.75,362.38,27.88,390.26,34.7,0,4.33,351.23
6/8/18,85.4,0,121.18,149.27,355.85,14.71,370.56,43.89,0,4.5,322.17
6/9/18,85.8,0,122.06,151.14,359,28.83,387.83,46.34,0,4.32,337.17
6/10/18,85.5,0,120.09,162.36,367.95,14.71,382.66,45.3,0,3.92,333.44
6/11/18,85.2,0,120.05,160.74,365.99,41.22,407.21,45.02,0,3.92,358.27
6/12/18,86,0,120.71,161.44,368.15,35.13,403.28,43.15,0,4.41,355.72
6/13/18,85.7,0,121.27,168.56,375.53,35.04,410.57,44.79,0,4.95,360.83
6/14/18,85.6,0,120.11,157.12,362.83,12.06,374.89,44.52,0,5.18,325.2
6/15/18,85.7,0,118.59,149.87,354.17,26.67,380.84,44.38,0,4.81,331.65
6/16/18,86.8,0,116.32,143.9,347.02,21.25,368.27,40.67,0,3.79,323.81
6/17/18,84.3,0,114.59,138,336.88,27.27,364.15,41.95,0,3.45,318.76
6/18/18,55,28.87,119.24,145.2,348.32,25.33,373.65,43.91,0,4.9,324.84
6/19/18,45.1,46.33,125.44,154.2,371.06,25.83,396.89,42.35,0,3.47,351.08
6/20/18,44.2,58.95,124.59,158.91,386.64,26.63,413.27,45.04,0,4.18,364.05
6/21/18,45,57.64,121.02,159.19,382.85,26.48,409.33,44.19,0,4.35,360.79
6/22/18,44.6,59.03,115.92,158.57,378.12,27,405.12,45.15,0,4.45,355.52
6/23/18,44.8,59.92,107.45,159.06,371.23,25.6,396.83,45.72,0,4.69,346.42
6/24/18,44.1,58.64,99.92,159.37,362.03,25.42,387.45,41.65,0,4.06,341.74
6/25/18,45,65.79,95.83,158.68,365.29,24.74,390.03,46.39,0,4.03,339.61
6/26/18,44.4,76.6,89.9,165.12,376.03,25.55,401.58,42.99,0,4.31,354.28
6/27/18,44.6,79.02,91.93,169.56,385.1,25.36,410.46,44.38,0,5.01,361.08
6/28/18,45.1,80.63,99.13,158.39,383.26,27.39,410.65,44.71,0,5.41,360.53
6/29/18,50.2,72.99,108.13,153.49,384.81,38.11,422.92,44.56,0,4.18,374.18
6/30/18,54.6,69.65,101.18,158.53,383.96,34.73,418.69,47.82,0.02,4.39,366.45
7/1/18,54.7,70.45,100.56,158.44,384.15,37.69,421.84,48.11,0,4.33,369.4
7/2/18,54.9,71.63,100.21,158.17,384.9,35,419.9,46.14,0,3.82,369.94
7/3/18,51.3,70.86,100.15,158.25,380.55,24.71,405.26,47.23,0,4.37,353.66
7/4/18,49.1,69.46,96.01,158.58,373.14,25.85,398.99,49.07,0,4.4,345.52
7/5/18,71.8,48.47,101.39,140.86,362.52,24.34,386.86,45.43,0,3.88,337.55
7/6/18,95,39.62,98.33,141.61,374.55,26.42,400.97,47.9,0,4.5,348.58
7/7/18,99,43.78,102.79,139,384.57,26.51,411.08,49.47,0,4.21,357.4
7/8/18,98.8,49.99,109.66,137.11,395.56,24.94,420.5,50.93,0,4.08,365.49
7/9/18,110.2,44.48,104.33,136.93,395.94,23.31,419.25,42.76,0,4.19,372.29
7/10/18,88.9,38.22,94.69,108.66,330.48,24.42,354.9,38.9,0,4.56,311.44
7/11/18,89.6,40.47,69.94,122.41,322.42,33.87,356.29,36.15,0,3.97,316.17
7/12/18,90,41.26,60.98,111.12,303.37,27.58,330.95,34,0,4.12,292.83
7/13/18,90.1,40,59.58,112.21,301.9,26.26,328.16,39.54,0,4.73,283.89
7/14/18,90.2,43.62,64.34,102.02,300.18,23.33,323.51,37.08,0,4.44,281.99
7/15/18,89.1,42.5,65.33,99.55,296.48,25.06,321.54,39.44,0,3.98,278.12
7/16/18,113.2,40.87,76.36,106.41,336.84,23.62,360.46,33.41,0,3.49,323.56
7/17/18,120.4,48.2,75.75,109.8,354.15,25.88,380.03,40.31,0,3.71,336.01
7/18/18,119.8,50.48,72.91,110.23,353.42,26,379.42,41.9,0,4.55,332.97
7/19/18,83.9,57.22,75.67,131.27,348.06,24.89,372.95,43.79,0,4.42,324.74
7/20/18,70.4,59.09,102.79,149.45,381.74,26.27,408.01,43.32,0,4.51,360.18
7/21/18,68.5,60.31,108.39,158.21,395.42,26.58,422,44.41,0,4.53,373.05
7/22/18,48.9,60.76,108.84,158.6,377.11,25.87,402.98,45.28,0,3.95,353.74
7/23/18,50,59.67,105.12,154.92,369.71,26.33,396.04,46.57,0,4.43,345.04
7/24/18,49.7,58.78,101.08,150.36,359.92,26.12,386.04,39.4,0,4.23,342.42
7/25/18,49.7,60,105.64,152.26,367.6,24.57,392.17,39.62,0,5.43,347.12
7/26/18,49.4,60.21,107.55,159.04,376.19,26.21,402.4,34.08,0,5.53,362.8
7/27/18,50.2,58.78,108.46,159.06,376.5,30.68,407.18,44.31,0,4.57,358.3
7/28/18,49.3,55.74,104.79,155.58,365.41,28.75,394.16,39.34,0,4.2,350.63
7/29/18,50.1,60.74,101.74,160.03,372.61,29.8,402.41,41.42,0,4.27,356.72
7/30/18,57.6,63.64,111.87,159.32,392.43,32.04,424.47,37.67,0,4.4,382.4
7/31/18,53.5,59.85,93.8,152.03,359.17,27.96,387.13,36.2,0.01,4.61,346.31
8/1/18,50,61.03,76.79,139.67,327.48,28.38,355.86,38.2,0,5.17,312.49
8/2/18,49.3,59.51,79.41,148.29,336.5,29.54,366.04,38.55,0,4.76,322.73
8/3/18,50.7,59.45,84.37,147.62,342.14,30.53,372.67,40.17,0,5.6,326.9
8/4/18,52.6,62.7,86.53,149.89,351.72,29.77,381.49,41.66,0,4.45,335.38
8/5/18,59,61.84,90.24,154.24,365.32,28.28,393.6,38.99,0,3.88,350.73
8/6/18,59.7,61.66,93.75,159.29,374.39,28.1,402.49,40.52,0,5,356.98
8/7/18,59.9,61.33,99.89,159.18,380.29,30.37,410.66,39.51,0,4.72,366.43
8/8/18,59.5,63.76,97.31,161.36,381.93,27.48,409.41,36.33,0,4.99,368.09
8/9/18,59.9,59.76,85.87,142.66,348.19,27.11,375.3,35.2,0,4.54,335.56
8/10/18,51.5,53.64,62.46,140.88,308.48,26.3,334.78,34.23,0,4.87,295.68
8/11/18,48,50.4,77.94,136.4,312.74,26.42,339.16,30.51,0,4.66,303.99
8/12/18,49.3,52.01,84.19,135.44,320.93,26.27,347.2,33.36,0,3.35,310.5
8/13/18,50.1,51.08,83.52,137.5,322.2,26.77,348.97,29.73,0,4.37,314.87
8/14/18,50,53.46,74.1,133.31,310.86,23.59,334.45,30.53,0,3.42,300.5
8/15/18,49.5,51.57,74.28,133.22,308.58,25.9,334.48,32.82,0,5.13,296.53
8/16/18,49.7,52.35,76.32,148.43,326.8,25.13,351.93,28.65,0,4.22,319.07
8/17/18,50.4,51.34,88.89,158.1,348.74,24.96,373.7,33.97,0,5.16,334.57
8/18/18,49.9,53.99,85.57,165.92,355.38,25.19,380.57,36.02,0,2.88,341.67
8/19/18,49.9,55.57,85.14,164.34,354.95,13.5,368.45,37.02,0,4.01,327.41
8/20/18,49.5,53.58,85.05,161.16,349.29,10.76,360.05,35.48,0,4.07,320.5
8/21/18,42.6,43.43,75.18,163.9,325.1,12.72,337.82,35.45,0,4.16,298.21
8/22/18,50,35.77,77.72,165.19,328.67,25.55,354.22,35.63,0,4.97,313.62
8/23/18,39.8,55.45,84.4,162.78,342.43,24.46,366.89,35.58,0,4.23,327.09
8/24/18,39.8,67,82.44,153.48,342.71,26.66,369.37,32.59,0,4.42,332.36
8/25/18,40.1,71,75.5,147,333.6,27.3,360.9,35.83,0,4.33,320.75
8/26/18,39.7,73.67,69.87,146.75,329.98,27.06,357.04,35.89,0,3.89,317.27
8/27/18,42.6,69.75,62.76,146.88,321.98,25.76,347.74,36.42,0,3.84,307.48
8/28/18,53.8,74.83,62.87,146.01,337.52,26.87,364.39,33.73,0,4.58,326.08
8/29/18,59.6,81.46,72.75,146.19,360,27.85,387.85,35.32,0,4.61,347.92
8/30/18,59.9,77.88,81.7,141.93,361.42,25.23,386.65,35.1,0,4.97,346.58
8/31/18,60.4,78.68,72.86,135.43,347.37,27.49,374.86,36.25,0.01,4.35,334.25
9/1/18,60,80.09,63.51,135.44,339.03,26.28,365.31,36.33,0,4.49,324.5
9/2/18,58.8,80.88,57.29,135.27,332.24,25.33,357.57,34.53,0,3.84,319.19
9/3/18,60.3,80.85,61.44,135.67,338.26,25.88,364.14,36.49,0,3.9,323.75
9/4/18,59.9,81.17,65.58,135.03,341.68,24.89,366.57,33.64,0,3.2,329.73
9/5/18,59.3,79.91,62.87,136.56,338.64,27.1,365.74,35.08,0,4.23,326.43
9/6/18,59.8,80.83,60.42,136.28,337.33,27.31,364.64,33.5,0,4.56,326.58
9/7/18,60.3,78.44,60.33,132.3,331.37,26.41,357.78,32.98,0,4.24,320.56
9/8/18,60.4,82.48,60.45,134.59,337.92,26.34,364.26,33.18,0,4.06,327.02
9/9/18,59,82.21,62.64,137.57,341.43,24.93,366.36,35.43,0,3.76,327.17
9/10/18,60.1,72.95,65.5,135.15,333.7,25.2,358.9,35.73,0,4.4,318.78
9/11/18,60.1,70.81,66.27,140.75,337.94,25.16,363.1,34.8,0,3.88,324.42
9/12/18,60,72.32,63.2,149.38,344.89,25.45,370.34,35.18,0,4.63,330.53
9/13/18,59.9,70.93,63.24,155.87,349.94,25.2,375.14,35.56,0,4.47,335.12
9/14/18,59.8,69.32,60.47,154.92,344.5,25.09,369.59,34.22,0,4.71,330.66
9/15/18,59.4,70.17,62.65,153.49,345.72,26.47,372.19,46.5,0,4.28,321.41
9/16/18,60.1,73.19,60.91,162.18,356.38,27.06,383.44,55.46,0,3.64,324.34
9/17/18,59.6,71.94,62.22,158.43,352.19,26.92,379.11,46.3,0,3.93,328.88
9/18/18,59.8,71.81,58.91,155.82,346.35,28.15,374.5,45.11,0,4.47,324.92
9/19/18,60.1,71.61,67.48,138.84,338.04,25.71,363.75,38.37,0,4.39,320.98
9/20/18,49.8,68.71,53.88,136,308.39,22.5,330.89,27.79,0,4.25,298.85
9/21/18,39.9,61.17,54.2,122.67,277.94,28.37,306.31,30.08,0,4.4,271.83
9/22/18,40,61.32,56.79,116.87,274.98,26.81,301.79,31.4,0,4.34,266.05
9/23/18,39.71,63.25,54.39,123.14,280.5,27.3,307.8,31.69,0,3.87,272.24
9/24/18,39.8,60.83,62.07,144.78,307.48,29.16,336.64,31.49,0,3.33,301.82
9/25/18,39.77,61.23,57.53,163.19,321.72,25.46,347.18,32.84,0,4.63,309.71
9/26/18,28.9,71.64,55.47,161.74,317.75,25.41,343.16,27.14,0,4.48,311.54
9/27/18,40.4,62,57.98,155.97,316.34,25.19,341.53,30.27,0,4.34,306.92
9/28/18,40.78,59.72,56.28,144.65,301.43,26.27,327.7,30.11,0,4.46,293.13
9/29/18,41.14,61.26,50.99,135.07,288.45,29.45,317.9,30.36,0,3.96,283.58
9/30/18,40.93,52.31,56.33,135.21,284.78,27.77,312.55,28.25,0.01,3.31,280.99
10/1/18,12.02,67.63,49.54,124.98,254.17,28.09,282.26,26.67,0,3.36,252.23
10/2/18,0,71.53,50,110.4,231.92,26.63,258.55,22.15,0,2.85,233.55
10/3/18,0,60.91,45.34,104.93,211.18,26.48,237.66,22.27,0,3.43,211.96
10/4/18,0,61.21,42.69,105.44,209.34,25.57,234.91,21.54,0,2.13,211.24
10/5/18,28.97,47.69,47.91,102.87,227.44,26.43,253.87,22.11,0,3.13,228.63
10/6/18,40.25,42.88,47.24,102.5,232.88,27.33,260.21,22.7,0,2.85,234.66
10/7/18,40.72,41.38,48.12,91.45,221.67,1.44,223.11,21.41,0,2.63,199.07
10/8/18,40.61,41.94,70.3,87.25,240.11,0.24,240.35,21.01,0,2.29,217.05
10/9/18,39.66,47.45,59.34,93.57,240.03,0.01,240.04,20.02,0,3.36,216.66
10/10/18,40.38,52.21,60.29,103.36,256.24,0.01,256.25,21.54,0,3.65,231.06
10/11/18,40.61,50.55,61.92,108.95,262.02,0.01,262.03,22.6,0,3.31,236.12
10/12/18,41.1,50.53,59.51,109.61,260.75,26.2,286.95,18.67,0,4.07,264.21
10/13/18,40.64,49.83,48.93,109.34,248.73,27.32,276.05,19.17,0,3.81,253.07
10/14/18,40.13,52.04,36.28,99.12,227.57,27.15,254.72,20.45,0,2.18,232.09
10/15/18,43.47,56.67,2.84,88.88,191.86,35.99,227.85,17.33,0,2.44,208.08
10/16/18,55.38,60.22,-0.07,89.58,205.12,35.64,240.76,16.1,0,2.02,222.64
10/17/18,60.04,60.57,-0.04,94.16,214.72,35.73,250.45,18.05,0,2.87,229.53
10/18/18,60.35,59.35,-0.12,104.15,223.73,35.64,259.37,17.29,0,2.58,239.5
10/19/18,66.16,60.34,-0.12,103.6,229.97,38,267.97,18.49,0,2.46,247.02
10/20/18,69.2,61.83,-0.04,103.17,234.16,33.75,267.91,19.66,0,2.31,245.94
10/21/18,68.26,63.01,-0.04,108.62,239.86,36.73,276.59,18.42,0,2.75,255.42
10/22/18,74.92,60.55,-0.05,105.63,241.05,35.57,276.62,20.81,0,2.57,253.25
10/23/18,82.89,62.06,-0.1,105.8,250.65,37.21,287.86,18.46,0,3.31,266.09
10/24/18,89.24,59.75,-0.04,104.2,253.15,35.71,288.86,20.22,0,3.87,264.77
10/25/18,92.18,61.44,-0.04,102.41,255.98,38.64,294.62,21.4,0,3.67,269.56
10/26/18,79.77,69.15,-0.04,104.01,252.89,35.14,288.03,20.46,0,3.73,263.85
10/27/18,72.46,82.39,-0.04,97.83,252.64,37.63,290.27,23.36,0,3.6,263.31
10/28/18,71.17,81.54,1.64,82.68,237.03,36.23,273.26,25.13,0,2.6,245.53
10/29/18,71.26,80.31,44.31,77.12,273,24.94,297.94,23.16,0,2.68,272.11
10/30/18,71.62,79.41,65.27,46.75,263.05,24.84,287.89,21.44,0,3.55,262.91
10/31/18,68.04,83.48,68.65,25.53,245.7,26.86,272.56,20.94,0,3.16,248.46
11/1/18,61.45,75.58,70.88,35.29,243.2,25.91,269.11,28.96,0,3.17,236.98
11/2/18,61.28,72.96,80.66,34.49,249.4,26.69,276.09,31.09,0,2.98,242.02
11/3/18,60.13,71.37,85.52,34.93,251.96,25.71,277.67,29.72,0,2.67,245.28
11/4/18,64.93,71.76,82.18,34.9,253.76,26.57,280.33,30.43,0,2.01,247.89
11/5/18,70.64,73.22,85.89,34.9,264.65,25.89,290.54,30.08,0,2.58,257.88
11/6/18,70.61,80.35,98.84,39.32,289.12,26.87,315.99,35.11,0,2.55,278.33
11/7/18,69.39,74.1,102.77,42.69,288.96,25.68,314.64,39.56,0,2.96,272.12
11/8/18,64.13,69.91,105.11,42.94,282.09,25.3,307.39,35.77,0,3,268.62
11/9/18,61.21,67.44,94.82,17.21,240.67,26.89,267.56,13.4,0,2.82,251.35
11/10/18,58.32,71.23,95.36,0,224.91,25.65,250.56,0,0,2.32,248.24
11/11/18,53.92,71.59,93.02,0,218.52,26.36,244.88,0,0,2.26,242.63
11/12/18,55.57,68.27,86.21,0,210.05,25.34,235.39,0,0,1.79,233.61
11/13/18,55.1,69.64,88.63,0,213.37,25.76,239.13,0,0,3.32,235.81
11/14/18,62.87,72.22,88.75,0,223.84,26.22,250.06,0,0,3.03,247.03
11/15/18,69.42,69.15,89.39,0,227.95,18.95,246.9,0,0,3.14,243.77
11/16/18,71.31,70.18,85.1,0,226.59,28.48,255.07,0,0,3.12,251.95
11/17/18,70.6,72.79,84.02,0,227.41,26.89,254.3,0,0,2.37,251.93
11/18/18,67.33,73,78.83,0,219.16,26.64,245.8,0,0,2.13,243.67
11/19/18,60.25,67.6,77.9,0,205.74,26.45,232.19,0,0,2.02,230.17
11/20/18,60.87,61.63,82.15,0,204.65,26.16,230.81,0,0,2.42,228.39
11/21/18,60.27,61.92,79.63,0,201.82,26.34,228.16,0,0,2.54,225.62
11/22/18,60.59,59.58,86.52,0,206.69,27.05,233.74,0,0,2.09,231.64
11/23/18,60.69,60.04,83.9,0,204.63,26.33,230.96,0,0,1.83,229.12
11/24/18,60.67,60.26,79.14,0,200.06,25.51,225.57,0,0,1.39,224.18
11/25/18,60.54,60.44,81.2,0,202.18,25.75,227.93,0,0,2.02,225.9
11/26/18,59.92,62.23,75.12,0,197.28,25.98,223.26,0,0,1.63,221.62
11/27/18,60.84,62.26,78.47,0,201.58,25.5,227.08,0,0,2.46,224.61
11/28/18,60.28,60.89,79.61,0,200.79,25.52,226.31,0,0,3.09,223.22
11/29/18,60.56,54.83,80.66,0,196.06,38.94,235,0,0,2.45,232.55
11/30/18,49.91,50.76,67.47,0,168.14,36.8,204.94,0,0,2.55,202.39
12/1/18,40.96,50.94,80.05,0,171.95,36.35,208.3,0,0,2.04,206.26
12/2/18,40,53.47,80.05,0,173.52,37.12,210.64,0,0,2.52,208.12
12/3/18,40.43,51.46,76.75,0,168.64,25.42,194.06,0,0,2.9,191.17
12/4/18,40.63,47.7,87.98,0,176.31,26.91,203.22,0,0,2.92,200.3
12/5/18,40.19,44.05,93.85,0,178.08,25.68,203.76,0,0,2.73,201.03
12/6/18,41.71,42.4,93.95,0,178.07,27.1,205.17,0,0,3.53,201.63
12/7/18,40.49,41.94,93.3,0,175.72,26.57,202.29,0,0,1.75,200.54
12/8/18,39.26,42.64,93.61,0,175.5,25.59,201.09,0,0,2.23,198.86
12/9/18,33.22,42.97,94.33,0,170.51,25.89,196.4,0,0,2.57,193.83
12/10/18,34.83,42.48,98.96,0,176.27,26.08,202.35,0,0,2.56,199.79
12/11/18,38.07,40.67,101.62,0,180.37,25.78,206.15,0,0,2.79,203.36
12/12/18,40.43,41.26,86.13,0,167.83,25.56,193.39,0,0,4.07,189.32
12/13/18,48.8,41.23,110.95,0,200.97,25.77,226.74,0,0,2.78,223.96
12/14/18,49.92,40.77,109.45,0,200.15,25.67,225.82,0,0,3.89,221.92
12/15/18,49.45,43.05,110.01,0,202.51,25.65,228.16,0,0,3.22,224.94
12/16/18,48.6,42.83,101.99,0,193.41,26.25,219.66,0,0,2.73,216.93
12/17/18,47.88,42.27,104.93,0,195.08,25.45,220.53,0,0,2.49,218.04
12/18/18,43.26,41.82,103.47,0,188.55,26.17,214.72,0,0,3.14,211.58
12/19/18,43.82,45.54,92.42,0,181.78,26.34,208.12,0,0,3.19,204.93
12/20/18,53.97,50.79,76.24,0,181,25.54,206.54,0,0,2.95,203.59
12/21/18,60.07,49.83,79.1,0,189,26.9,215.9,0,0,3.18,212.73
12/22/18,59.63,50.96,77.49,0,188.08,25.03,213.11,0,0,2.49,210.62
12/23/18,49.18,47.41,82.95,0,179.53,25.71,205.24,0,0,2.56,202.68
12/24/18,49.82,41.57,82.23,0,173.62,26.61,200.23,0,0,2.31,197.92
12/25/18,49.35,40.98,76.12,0,166.45,26.63,193.08,0,0,1.63,191.45
12/26/18,44.99,40.08,77.63,0,162.7,26.39,189.09,0,0,1.43,187.65
12/27/18,39.64,41.29,77.12,0,158.05,27.39,185.44,0,0,1.69,183.75
12/28/18,42.14,41.55,80.12,0,163.82,26.81,190.63,0,0,2.03,188.59
12/29/18,44.17,40.38,84.96,0,169.51,25.77,195.28,0,0,1.96,193.32
12/30/18,44.52,40.97,80.15,0,165.64,25.89,191.53,0,0,1.98,189.54
12/31/18,45.24,42.09,82.46,9.31,179.1,24.45,203.55,0,0,2.64,200.91
1/1/19,42.48,41.07,70.35,31.66,185.56,24.23,209.79,0,0,2.68,207.11
1/2/19,38.18,40.85,64.17,60.82,204.02,28.65,232.67,15.2,0,2.89,214.58
1/3/19,11.51,40.02,73,74.11,198.64,22.44,221.08,22.97,0,2.96,195.16
1/4/19,0,41.25,62.26,80.86,184.36,21.35,205.71,19.98,0,3.07,182.66
1/5/19,0,41.32,51.18,109.32,201.82,23.3,225.12,20.06,0,3.38,201.68
1/6/19,0,12.07,43.72,123.7,179.49,23.74,203.23,23.1,0,2.93,177.2
1/7/19,0,0,55,125.39,180.39,23.48,203.87,31.02,0,2.38,170.47
1/8/19,0,0,60.25,129.1,189.34,21.28,210.62,33.04,0,3.01,174.57
1/9/19,0,0,61.44,137.43,198.87,21.91,220.78,33.99,0,2.77,184.02
1/10/19,0,0,64.25,124.18,188.42,19.88,208.3,33.99,0,2.73,171.58
1/11/19,0,0,68.06,135.57,203.63,21.6,225.23,32.06,0,2.51,190.66
1/12/19,0,0,63.42,132.77,196.19,20.84,217.03,30.07,0,2.22,184.74
1/13/19,0,0,60.87,133.86,194.72,23.71,218.43,30.1,0,2.46,185.88
1/14/19,0,0,54.16,134.01,188.17,21.54,209.71,33.02,0,2.72,173.96
1/15/19,0,0,55.1,133.38,188.48,21.33,209.81,29.29,0,2.61,177.91
1/16/19,0,0,56.05,134.54,190.59,28.12,218.71,27.5,0,2.72,188.49
1/17/19,0,0,55.63,133.67,189.29,23.73,213.02,27.11,0,2.36,183.56
1/18/19,0,0,52.31,127.47,179.77,23.52,203.29,30.02,0,3.17,170.1
1/19/19,0,0,54.63,124.83,179.46,23.36,202.82,29.99,0,3.01,169.82
1/20/19,0,0,55.17,126.83,182,23.94,205.94,32.09,0,2.65,171.2
1/21/19,0,0,55.49,135.24,190.73,24.5,215.23,35.42,0,2.64,177.17
1/22/19,0,0,63.86,155.02,218.88,26.3,245.18,37.38,0,2.54,205.26
1/23/19,0,0,60.19,139.59,199.78,25.41,225.19,36.67,0,3.02,185.5
1/24/19,0,0,62.26,145.51,207.77,22.7,230.47,38.24,0,2.43,189.8
1/25/19,0,0,63.14,145.16,208.3,23.74,232.04,33.95,0,3.43,194.66
1/26/19,0,0,54.43,144.47,198.9,24.86,223.76,36.05,0,3.46,184.25
1/27/19,0,0,54.39,145.68,200.07,23.78,223.85,35.05,0,3,185.8
1/28/19,0,0,63.12,135.92,199.03,24.19,223.22,34.93,0,2.09,186.2
1/29/19,0,0,72.75,119.47,192.22,27.55,219.77,33.21,0,3.29,183.27
1/30/19,0,0,77.87,116.1,193.97,25.79,219.76,35.07,0,2.83,181.86
1/31/19,0,0,75.89,115.83,191.72,25.79,217.51,29.91,0,2.6,185
2/1/19,0,0,73.15,111.74,184.88,27.72,212.6,25.91,0,2.94,183.75
2/2/19,0,0,72.24,106.45,178.69,28.93,207.62,27.01,0,2.48,178.13
2/3/19,0,0,61.02,105.86,166.87,29.19,196.06,23.89,0,2.43,169.74
2/4/19,0,0,64.11,106.16,170.26,23.93,194.19,22.94,0,3.09,168.16
2/5/19,0,0,59.24,105.99,165.23,24.34,189.57,20.07,0,2.65,166.85
2/6/19,0,0,68.47,105.65,174.12,21.38,195.5,22.03,0,2.53,170.94
2/7/19,0,0,71.62,105.81,177.43,20.5,197.93,22,0,2.8,173.13
2/8/19,0,0,75.05,103.82,178.86,24.53,203.39,22,0,2.87,178.52
2/9/19,0,0,74.75,105,179.74,21.26,201,23.97,0,2.76,174.28
2/10/19,0,0,75.29,104.48,179.77,20.44,200.21,25.94,0,2.29,171.98
2/11/19,0,0,75.96,104.57,180.52,20.6,201.12,25.02,0,2.84,173.26
2/12/19,0,0,85.82,105.6,191.42,24.05,215.47,25.93,0,2.9,186.64
2/13/19,0,31.2,76.89,91.71,199.8,21.75,221.55,23.77,0,2.36,195.42
2/14/19,0,41.45,64.44,76.03,181.92,20.53,202.45,20.06,0,3.41,178.97
2/15/19,0,40.24,48.55,75.56,164.35,20.87,185.22,20.98,0,2.98,161.25
2/16/19,0,40.52,45.34,75.22,161.07,20.52,181.59,23.96,0,3.44,154.19
2/17/19,0,40.44,45.66,74.79,160.88,22.27,183.15,25,0,2.07,156.09
2/18/19,0,39.6,54.73,75.2,169.52,21.39,190.91,23.98,0,2.33,164.6
2/19/19,0,40.57,58.56,75.04,174.16,20.39,194.55,23,0,2.58,168.97
2/20/19,0,40.03,57.28,74.99,172.29,19.22,191.51,23.94,0,3.13,164.44
2/21/19,0,39.37,59.2,69.72,168.28,20.67,188.95,21.95,0,2.62,164.38
2/22/19,0,40.03,58.58,66.29,164.89,23.14,188.03,22.02,0,2.67,163.34
2/23/19,0,40.33,60.13,64.78,165.23,21.29,186.52,22,0,2.54,161.98
2/24/19,0,40.45,58.82,64.57,163.83,20.89,184.72,22,0,2.14,160.59
2/25/19,0,40.58,57.02,64.85,162.44,20.66,183.1,14.17,0,2.11,166.82
2/26/19,0,41.66,56.53,64.87,163.06,20.44,183.5,0,0,2.38,181.12
2/27/19,0,41.33,59.07,63.96,164.35,28.19,192.54,4.53,0,2.68,185.33
2/28/19,0,39.77,61.12,65.05,165.93,27.93,193.86,20.07,0,2.6,171.19
3/1/19,0,40.08,59.2,67.27,166.55,28.96,195.51,23.98,0,2.42,169.11
3/2/19,0,40.3,60.4,74.53,175.22,26.6,201.82,26.04,0,3.06,172.73
3/3/19,0,44.01,65.34,78.4,187.75,28,215.75,26.94,0,2.53,186.28
3/4/19,0,50.08,72.97,79.55,202.61,26.44,229.05,26.98,0,2.76,199.31
3/5/19,0,49.83,73.42,78.8,202.05,26.06,228.11,25.06,0,3.1,199.94
3/6/19,0,51.53,70.44,79.77,201.74,24.05,225.79,26.95,0,2.92,195.93
3/7/19,0,49.7,69.96,74.47,194.13,25.78,219.91,25,0,3.81,191.1
3/8/19,0,48.95,61.9,70.03,180.87,26.49,207.36,24.98,0,3.69,178.69
3/9/19,0,48.56,69.06,69.95,187.56,25.95,213.51,27.01,0,3.12,183.39
3/10/19,0,50.2,69.3,70.35,189.85,25.77,215.62,25.07,0,2.38,188.18
3/11/19,0,50.95,71.75,69.63,192.33,26.6,218.93,24.99,0,2.4,191.54
3/12/19,0,49.51,75.99,70.78,196.29,25.41,221.7,21.97,0,3.09,196.64
3/13/19,0,50.28,68.42,69.92,188.62,24.72,213.34,21.99,0,2.53,188.81
3/14/19,0,49.12,65.01,69.53,183.65,25.47,209.12,22.06,0,2.76,184.3
3/15/19,0,49.29,65.07,69.48,183.83,25.58,209.41,24.02,0,2.99,182.4
3/16/19,0,50.82,62.97,66.78,180.57,25.77,206.34,22.07,0,2.22,182.05
3/17/19,0,50.69,65.34,64.98,181,25.67,206.67,26.69,0,2.57,177.41
3/18/19,0,52.81,63.41,73.61,189.82,25.65,215.47,27.99,0,2.95,184.53
3/19/19,0,57.51,70.11,81.26,208.88,25.95,234.83,24.98,0,2.68,207.17
3/20/19,0,59.5,68.81,81.21,209.52,27.37,236.89,22.59,0,3.46,210.84
3/21/19,0,61.06,73.48,80.65,215.19,24.91,240.1,22.05,0,2.89,215.16
3/22/19,0,60.14,69.66,80.61,210.4,26.24,236.64,24.01,0,3.48,209.16
3/23/19,0,61.05,70.12,80.79,211.96,26.21,238.17,25.98,0,2.96,209.23
3/24/19,0,60.97,71,81.07,213.05,26.7,239.75,28.04,0,2.29,209.41
3/25/19,0,63.33,72,87.24,222.57,26.37,248.94,30.05,0,2.8,216.09
3/26/19,0,62.69,72.13,96.14,230.97,26.39,257.36,29.88,0,3.13,224.35
3/27/19,0,62.7,71.27,96.5,230.47,27.75,258.22,26.06,0,3.06,229.1
3/28/19,0,61.42,70.44,86.51,218.38,25.71,244.09,21.03,0,3.49,219.56
3/29/19,0,60.45,65.35,78.85,204.65,36.28,240.93,23.08,0,3.46,214.39
3/30/19,0,60.71,64.27,78.34,203.32,34.39,237.71,25.98,0,3.04,208.69
3/31/19,0,62.77,64.18,78.03,204.99,38.18,243.17,25.94,0,2.46,214.77
4/1/19,0,61.44,73.56,77.66,212.66,36.45,249.11,26.17,0,2.33,220.62
4/2/19,0,59.37,71.66,87.49,218.52,37.21,255.73,30.04,0,3.36,222.34
4/3/19,0,62.27,79.62,100.81,242.7,34.01,276.71,30.07,0,2.86,243.78
4/4/19,0,61.06,78.86,105.74,245.66,26.78,272.44,29.89,0,3.26,239.29
4/5/19,0,66.05,86.46,89.76,242.27,25.82,268.09,22,0,2.86,243.23
4/6/19,0,71.79,90.7,104.74,267.23,26.02,293.25,25.19,0,2.76,265.3
4/7/19,0,73.55,90.91,104.35,268.82,25.86,294.68,22.08,0,2.89,269.71
4/8/19,0,72.77,82.69,99.52,254.99,25.77,280.76,23.96,0,2.94,253.86
4/9/19,0,71.11,80.17,88.34,239.62,25.29,264.91,29.25,0,3.87,231.8
4/10/19,0,69.05,72.21,81.54,222.8,25.89,248.69,20.11,0,4.04,224.54
4/11/19,0,73.88,77.19,86.93,238,26.38,264.38,18.08,0,3.18,243.12
4/12/19,0,81.02,77.19,90.4,248.61,26.09,274.7,19.99,0,3.46,251.25
4/13/19,0,80.9,76.52,89.24,246.66,25.39,272.05,20.76,0,2.8,248.49
4/14/19,0,81.61,74.1,88.77,244.48,26.08,270.56,22.12,0,3.03,245.41
4/15/19,0,81.93,76.86,89.27,248.06,25.49,273.55,23.96,0,3.08,246.51
4/16/19,0,80.19,72.1,91.74,244.03,26.57,270.6,22.05,0,3.85,244.7
4/17/19,0,80.3,75.98,91.83,248.11,25.26,273.37,23,0,3.37,246.99
4/18/19,0,81.35,75.85,91.4,248.6,26.54,275.14,23.02,0,3.52,248.6
4/19/19,0,79.51,75.72,91.91,247.14,26.96,274.1,23.01,0,3.71,247.38
4/20/19,,81.8,76.98,91.46,,27.14,,23.26,0,4.35,
4/21/19,,83.35,82.59,91.3,,26.24,,26.05,0,3,
4/22/19,0,80.78,84.37,98.11,263.26,25.58,288.84,28.1,0,2.36,258.38
4/23/19,0,81.27,80.02,106.47,267.76,25.79,293.55,29.98,0,3.15,260.41
4/24/19,0,80.32,85.61,116.12,282.05,25.91,307.96,25.98,0,3.66,278.32
4/25/19,24.81,58.17,98.7,116.89,298.57,26.75,325.32,23.99,0,3.55,297.78
4/26/19,40.12,42.82,95.94,117.92,296.81,26.63,323.44,22,0,3.82,297.62
4/27/19,41.95,42.45,88.38,106.88,279.66,26.63,306.29,22.95,0,3.57,279.77
4/28/19,39.69,43.11,76.16,101.02,259.98,26.48,286.46,25.02,0,3.03,258.41
4/29/19,41.08,41.28,74.89,101.21,258.46,26.49,284.95,25.01,0,3.58,256.36
4/30/19,41.19,40.62,80.75,99.74,262.3,26.42,288.72,25.26,0,3.83,259.63
5/1/19,67.52,14.92,80.56,106.39,269.39,25.87,295.26,23.03,0,3.4,268.83
5/2/19,80.47,0,75.74,110.35,266.56,25.82,292.38,21.99,0,3.84,266.55
5/3/19,59.83,20.13,90.99,110.84,281.8,26.03,307.83,18.05,0,3.85,285.93
5/4/19,39.89,41.32,91.51,109.95,282.66,26.67,309.33,17.97,0,3.29,288.07
5/5/19,41.22,41.17,86.51,101.74,270.64,25.63,296.27,20.04,0,3.44,272.79
5/6/19,40.61,40.64,77.66,97.61,256.53,25.74,282.27,22.04,0,3.21,257.02
5/7/19,40.17,43.82,78.81,95.19,257.99,25.9,283.89,23,0,3.56,257.33
5/8/19,40.53,60.36,81.89,90.31,273.09,25.68,298.77,19.03,0,3.82,275.92
5/9/19,41.47,58.33,66.29,89.86,255.95,25.79,281.74,20.02,0,3.56,258.15
5/10/19,40.38,69.9,64.01,88.16,262.45,26.66,289.11,20.03,0,3.5,265.58
5/11/19,40.5,80.8,61.83,89.62,272.75,24.42,297.17,22.06,0,4.08,271.02
5/12/19,40.59,81.82,69.51,88.76,280.68,26.76,307.44,23.94,0,2.63,280.87
5/13/19,41.24,80.8,53.56,89.6,265.2,26.28,291.48,22.77,0,2.62,266.09
5/14/19,39.33,81.51,70.92,96.48,288.24,25.4,313.64,27.06,0,4.1,282.48
5/15/19,40.54,81.93,77.66,100.28,300.41,25.51,325.92,27.09,0,3.91,294.91
5/16/19,45.55,70.21,80.77,100.27,296.79,26.11,322.9,30.21,0,3.86,288.84
5/17/19,51.06,60.48,85.03,99.34,295.91,25.78,321.69,33.96,0,3.67,284.06
5/18/19,51.07,61.57,82.81,99.16,294.61,26.82,321.43,32.22,0,3.48,285.73
5/19/19,49.96,60.52,92.33,99.87,302.68,28.13,330.81,33.95,0,3.23,293.63
5/20/19,51.11,61.46,64.1,99.81,276.48,26.62,303.1,33.88,0,3.49,265.73
5/21/19,50.61,60.59,82.55,99.57,293.32,26.57,319.89,30.13,0,4.07,285.69
5/22/19,49.55,60.58,75.96,100.29,286.38,26.71,313.09,35.99,0,3.36,273.75
5/23/19,51.89,60.13,75.94,100.03,288,25.69,313.69,36.1,0,3.54,274.04
5/24/19,50.37,59.52,68.93,99.34,278.16,25.85,304.01,37.97,0,3.58,262.46
5/25/19,50.65,61.87,71.8,106.42,290.75,25.66,316.41,40.05,0,4.18,272.18
5/26/19,50.41,61.36,69.29,108.16,289.22,25.7,314.92,39.95,0,3.06,271.91
5/27/19,50.93,60.45,77.57,109.85,298.8,25.17,323.97,38.05,0,3.49,282.43
5/28/19,60.56,61.15,78.78,115.05,315.53,35.49,351.02,40.09,0,3.64,307.29
5/29/19,59.93,60.12,83.53,117.31,320.9,35.07,355.97,40,0,3.88,312.09
5/30/19,60.57,60.23,75.19,109.01,305,37.34,342.34,37.96,0,3.91,300.48
5/31/19,61.22,59.19,71.79,103.85,296.04,35.35,331.39,36.25,0,4.49,290.65
6/1/19,60.59,60.86,69.94,99.1,290.49,35.18,325.67,40.3,0,3.74,281.63
6/2/19,59.6,61.76,72.12,102.11,295.59,34.95,330.54,44.02,0,3.49,283.02
6/3/19,61.29,60.82,80.04,121.24,323.39,35.15,358.54,44.01,0,3.05,311.49
6/4/19,60.06,60.44,84.56,128.24,333.3,24.57,357.87,41.95,0,3.86,312.06
6/5/19,60.47,60.54,92,129.39,342.4,23.43,365.83,37.01,0,4.03,324.78
6/6/19,57.42,59.72,97.41,129.02,343.57,25.66,369.23,40.06,0,4.81,324.35
6/7/19,50.98,59.76,89.03,129.51,329.28,25.86,355.14,42.04,0,4.45,308.66
6/8/19,49.75,61.58,88.71,126.99,327.03,25.54,352.57,44.03,0,4.06,304.48
6/9/19,50.59,61.1,91.38,126.82,329.89,24.15,354.04,45.07,0,4.13,304.84
6/10/19,49.26,61.49,95.68,127.8,334.23,25.37,359.6,46.05,0,4,309.55
6/11/19,49.89,61.46,98.13,136.3,345.78,24.45,370.23,46.26,0,4.14,319.83
6/12/19,50.7,60.08,101.42,151.07,363.27,25.59,388.86,45.99,0,5.08,337.79
6/13/19,50.58,60.2,102.65,148,361.43,25.4,386.83,43.93,0,4.37,338.53
6/14/19,51.14,60.53,100.9,148.36,360.92,25.49,386.41,39.98,0,4.71,341.72
6/15/19,51.22,60.69,94.84,129.51,336.26,25.43,361.69,42.97,0,4.41,314.31
6/16/19,49.77,62.33,97.42,127.6,337.12,25.27,362.39,44.13,0,3.92,314.34
6/17/19,52.04,60.65,101.29,134.23,348.2,26.05,374.25,46.91,0,3.57,323.77
6/18/19,50.58,61.3,101.03,143.06,355.96,24.46,380.42,45.03,0,4.19,331.2
6/19/19,50.2,61.94,100.84,153.54,366.52,25.93,392.45,45.2,0,4.76,342.5
6/20/19,50.65,60.71,101.23,153.61,366.2,25.75,391.95,43.98,0,4.81,343.16
6/21/19,51.33,59.68,98.83,157.8,367.65,24.82,392.47,44.96,0,5.24,342.27
6/22/19,51.19,59.1,100.12,152,362.4,25.1,387.5,46.86,0,4.64,336
6/23/19,50.8,59.3,99.4,137.82,347.31,23.92,371.23,48.02,0,3.4,319.82
6/24/19,51.29,60.36,99.24,139.8,350.7,24.89,375.59,48.86,0,3.45,323.28
6/25/19,55.96,58.99,100.21,138.86,354.02,25.89,379.91,45.99,0,4.03,329.89
6/26/19,61.72,60.41,107.92,139.36,369.42,24.84,394.26,43.19,0,4.22,346.85
6/27/19,60.9,61,114.83,131.22,367.96,25.14,393.1,42.05,0,4,347.05
6/28/19,61.57,58.35,122.4,127.11,369.44,25.78,395.22,44.05,0,4.22,346.96
6/29/19,60.53,60.32,125.27,124.57,370.69,24.54,395.23,45.96,0,3.49,345.79
6/30/19,61.57,60.39,124.47,124.29,370.71,25.91,396.62,47.98,0,3.69,344.95
7/1/19,59.95,60.4,117.62,125.05,363.02,25.08,388.1,49.02,0,4.23,334.85
7/2/19,60.67,61.37,120.17,124.73,366.95,25.86,392.81,48.03,0,4.13,340.65
7/3/19,60.66,61.05,122.75,126.02,370.47,23.4,393.87,46.72,0,4.22,342.94
7/4/19,60.56,59.21,124.31,125.18,369.26,25.02,394.28,35.82,0,3.55,354.91
7/5/19,56.29,61.22,118.53,124.8,360.84,26.42,387.26,34.99,0,3.79,348.47
7/6/19,50.69,61.34,117.13,120.07,349.24,24.99,374.23,31.03,0,3.88,339.32
7/7/19,51.23,61.23,116.14,112.65,341.25,24.23,365.48,34.99,0,3.49,327
7/8/19,49.67,60.79,115.03,113.25,338.75,25.78,364.53,35.03,0,4.16,325.34
7/9/19,51.16,62.36,122.21,120.29,356.03,25.09,381.12,36.91,0,4.18,340.02
7/10/19,50.31,60.92,125.78,134.22,371.23,24.64,395.87,38.99,0,4.7,352.19
7/11/19,50.51,60.98,123.08,140.8,375.38,24.75,400.13,37.88,0,4.8,357.44
7/12/19,51.72,59.37,123.58,146.12,380.8,24.13,404.93,35.07,0,5.18,364.68
7/13/19,51.05,60.18,119.4,149.18,379.81,24.63,404.44,32.61,0,4.82,367.01
7/14/19,50.28,62.67,115.8,149.3,378.04,23.76,401.8,36.96,0,3.47,361.37
7/15/19,51.01,59.59,114.02,151.59,376.21,24.48,400.69,34.98,0,3.7,362.01
7/16/19,50.83,61.34,115.52,151.75,379.44,25.07,404.51,35.1,0,5.3,364.11
7/17/19,48.02,60.79,117.59,150.3,376.71,25.5,402.21,38.01,0,5.26,358.94
7/18/19,46.19,59.32,115.85,151.73,373.09,24.61,397.7,37.97,0,5.43,354.3
7/19/19,45.93,62.33,114.58,149.88,372.73,23.16,395.89,37.98,0,4.36,353.55
7/20/19,42.29,62.14,113.7,152.59,370.72,25.04,395.76,37.87,0,4.59,353.3
7/21/19,39.76,61.89,113.88,149.97,365.49,25.02,390.51,35.99,0,3.93,350.6
7/22/19,39.95,61.48,113.03,152.93,367.39,24.86,392.25,35.98,0,4.41,351.86
7/23/19,39.81,59.01,110.45,144.54,353.81,24.47,378.28,35.85,0,4.89,337.55
7/24/19,40.04,61.8,108.99,135.5,346.32,24.96,371.28,28.04,0,4.9,338.34
7/25/19,39.88,63.11,104.57,130.79,338.35,24.61,362.96,27.08,0,4.77,331.12
7/26/19,40.06,62.73,109.82,134.98,347.59,23.47,371.06,30.07,0,4.69,336.3
7/27/19,40.03,62.88,106.29,147.29,356.49,35.8,392.29,33.71,0,4.6,353.99
7/28/19,39.73,63.67,109.83,159.39,372.62,33.92,406.54,36.05,0,4.32,366.16
7/29/19,39.92,62.5,117,159.36,378.78,34.68,413.46,33.96,0,4.85,374.65
7/30/19,40,56.96,110.67,159.62,367.24,33.19,400.43,34.02,0,5.08,361.33
7/31/19,39.18,44.88,100.22,143.88,328.15,34.74,362.89,30.32,0,4.92,327.66
8/1/19,39.97,43.88,86.09,135.32,305.26,35.4,340.66,24.99,0,4.9,310.77
8/2/19,40,42.8,98.89,130.48,312.16,33.6,345.76,23.09,0,5.04,317.63
8/3/19,39.69,43.33,107.72,144.51,335.24,37.07,372.31,26.12,0,5.3,340.89
8/4/19,39.61,43.08,111.9,156.43,351.02,24.31,375.33,27.91,0,4.29,343.13
8/5/19,39.67,42.57,110.92,147.7,340.87,23.21,364.08,30,0,3.84,330.24
8/6/19,39.6,40.67,114.79,151.13,346.19,24.62,370.81,28.97,0,4.42,337.42
8/7/19,39.65,41.32,112.05,158.97,351.99,26.18,378.17,27.03,0,3.85,347.29
8/8/19,39.62,41.99,113.74,155.98,351.33,25.12,376.45,29.08,0,4.34,343.03
8/9/19,39.92,42.02,114.47,156.05,352.45,24.6,377.05,31.02,0,4.27,341.76
8/10/19,39.76,41.95,113.38,157.58,352.68,24.47,377.15,31.95,0,3.97,341.23
8/11/19,39.45,42.2,112.31,155.91,349.86,25.12,374.98,30.07,0,4,340.91
8/12/19,39.82,41.97,109.81,157.55,349.14,25.26,374.4,31.01,0,4.54,338.85
8/13/19,39.78,41.28,113.99,155.3,350.35,22.8,373.15,30,0,4.57,338.58
8/14/19,65.77,12.8,117.14,157.58,353.3,23.56,376.86,29.1,0,5.67,342.09
8/15/19,62.17,36.74,119.92,149.59,368.42,25.97,394.39,30.99,0,4.33,359.07
8/16/19,49.99,60.48,119.47,139.71,369.65,25.13,394.78,32.99,0,4.81,356.98
8/17/19,50.07,60.89,121.83,137.6,370.39,26.74,397.13,34.12,0,4.88,358.13
8/18/19,49.37,61.98,121.61,137.74,370.71,24.06,394.77,33.87,0,4.53,356.37
8/19/19,49.76,60.83,120.36,139.08,370.02,25.6,395.62,30.98,0,4.52,360.12
8/20/19,49.47,61.94,115.77,138.74,365.92,25.62,391.54,28.03,0,5.3,358.22
8/21/19,50.28,62.2,111.17,139.15,362.79,24.41,387.2,27.92,0,4.98,354.3
8/22/19,49.01,61.41,111.72,138.97,361.11,26.2,387.31,28.14,0,4.77,354.4
8/23/19,50.17,60.98,116.72,138.76,366.63,27.05,393.68,30.03,0,5.89,357.76
8/24/19,49.56,61.17,90.57,136.86,338.17,24.37,362.54,34.93,0,4.52,323.08
8/25/19,49.41,61.81,109.65,138.25,359.12,25.64,384.76,35.91,0,3.95,344.9
8/26/19,49.6,62.42,115.58,138.34,365.93,26.69,392.62,33.01,0,4.02,355.58
8/27/19,49.98,62.37,114.84,145.05,372.24,24.78,397.02,32.01,0,4.65,360.36
8/28/19,48.61,60.5,119.02,149.76,377.89,25.2,403.09,30.83,0,4.56,367.7
8/29/19,50.57,57.62,105.91,139.05,353.16,26.02,379.18,25.96,0,5.13,348.09
8/30/19,43.28,59.63,83.06,128.34,314.31,34.96,349.27,24.99,0,4.54,319.74
8/31/19,39.82,61.95,79.08,130.45,311.3,31.4,342.7,21.02,0,4.59,317.09
9/1/19,39.63,61.04,73.57,128.15,302.39,35.16,337.55,24.93,0,4.16,308.46
9/2/19,39.45,61.04,86.2,128.49,315.19,33.73,348.92,23.99,0,3.61,321.31
9/3/19,39.73,60.94,99.11,128.62,328.39,34.36,362.75,24.41,0,4.54,333.8
9/4/19,65.06,29.92,108.54,134.89,338.41,35.26,373.67,32.11,0,4.58,336.98
9/5/19,71.75,27.2,110.74,139.71,349.39,26.8,376.19,34.98,0,5.03,336.18
9/6/19,48.36,50.92,116.16,141.37,356.81,24.33,381.14,33.02,0,4.08,344.04
9/7/19,40.03,61.06,113.85,147.4,362.34,25.66,388,31.93,0,4.51,351.56
9/8/19,39.57,60.49,113.55,142.76,356.37,22.94,379.31,31,0,4.27,344.04
9/9/19,40.26,58.38,107.13,140.15,345.93,27.64,373.57,32,0,4.12,337.44
9/10/19,39.77,51.81,106.16,133.16,330.89,26.33,357.22,31.95,0,4.96,320.31
9/11/19,39.46,50.83,107.28,131.18,328.75,26.68,355.43,30.03,0,4.2,321.2
9/12/19,25.47,65.56,108.97,129.1,329.09,26.03,355.12,30.86,0,4.48,319.78
9/13/19,60.96,45.02,103.01,130.07,339.06,24.6,363.66,24.06,0,5.15,334.45
9/14/19,84.12,41.09,95.56,115.02,335.78,23.94,359.72,23.71,0,5.12,330.89
9/15/19,96.58,40.07,83.78,92.66,313.09,25.87,338.96,20.94,0,4.4,313.62
9/16/19,117.04,40.62,69.79,83.91,311.34,27.41,338.75,20.99,0,3.93,313.84
9/17/19,119.48,45.71,54.84,82.96,302.99,23.82,326.81,24.59,0,4.41,297.8
9/18/19,118.05,51.7,67.54,85.72,323.01,27.37,350.38,21.01,0,4.36,325.01
9/19/19,121.04,51.74,55.59,85.07,313.43,23.86,337.29,21.01,0,4.27,312.01
9/20/19,119.25,51.05,57.6,85.44,313.34,24.14,337.48,22.85,0,4.68,309.96
9/21/19,119.61,46.89,56.3,84.63,307.43,25.6,333.03,23.01,0,3.7,306.32
9/22/19,114.09,42.45,60.58,84.24,301.36,25.37,326.73,22.96,0,4.02,299.75
9/23/19,91.61,42.04,61.78,82.11,277.53,25.15,302.68,19.53,0,4.17,278.98
9/24/19,65.09,40.4,49.38,71.84,226.7,25.6,252.3,16.23,0,3.71,232.36
9/25/19,50.2,41.46,55.91,72.93,220.49,24.65,245.14,19.97,0,4.2,220.97
9/26/19,49.52,39.7,60.46,77.52,227.2,24.12,251.32,20.08,0,4.11,227.14
9/27/19,49.95,44.88,63.12,90.24,248.18,25.09,273.27,21.02,0,3.81,248.44
9/28/19,49.95,51.23,65.74,95.61,262.52,25.66,288.18,23,0,3.68,261.5
9/29/19,50.84,51.17,57.76,89.52,249.28,24.6,273.88,21.17,0,3.36,249.35
9/30/19,49.06,52.01,56.82,84.92,242.8,23.78,266.58,21.01,0,3.14,242.43
10/1/19,49.81,51.86,63.16,90.32,255.15,24.49,279.64,21.95,0,4,253.69
10/2/19,49.61,50.43,65.17,104.28,269.49,25.05,294.54,17.27,0,3.51,273.76
10/3/19,50,49.74,64.96,114.16,278.87,27.02,305.89,16.08,0,3.97,285.84
10/4/19,50.45,50.82,56.45,111.38,269.11,25.72,294.83,19.96,0,4.14,270.73
10/5/19,50.04,49.21,60.24,104.54,264.03,23.98,288.01,22.97,0,3.93,261.11
10/6/19,49.61,50.71,62.16,102.31,264.78,26.26,291.04,18.57,0,3.27,269.2
10/7/19,49.59,49.95,62.15,103.73,265.41,24.33,289.74,17.98,0,3.06,268.7
10/8/19,62.4,49.34,60.87,103.5,276.12,26.1,302.22,17.03,0,4.24,280.95
10/9/19,69.31,56.34,57.12,108.07,290.84,25.95,316.79,17.03,0,4.62,295.15
10/10/19,69.65,60.77,57.54,115.94,303.89,25.55,329.44,19.99,0,3.68,305.77
10/11/19,69.51,58.48,55.24,109.89,293.12,24.88,318,20,0,3.87,294.13
10/12/19,71.05,58.18,51.57,112.05,292.84,26.74,319.58,17.99,0,3.3,298.3
10/13/19,69.88,58.67,48.74,111.89,289.18,23.75,312.93,20.96,0,3.15,288.82
10/14/19,69.53,60.68,54.1,106.64,290.95,23.47,314.42,18.98,0,3.12,292.32
10/15/19,69.72,61.15,55.17,102.17,288.21,25.38,313.59,19.06,0,3.76,290.77
10/16/19,68.98,65.9,51.74,103.93,290.55,25.11,315.66,22.03,0,3.63,290
10/17/19,69.71,73.78,48.46,101.49,293.44,25.39,318.83,22.94,0,3.61,292.28
10/18/19,71.22,79.89,46.93,101.41,299.46,25.44,324.9,21.05,0,3.59,300.26
10/19/19,76.73,79.07,46.88,102.64,305.32,24.29,329.61,21.01,0,3.91,304.69
10/20/19,74.8,77.05,46.56,101.46,299.87,24.74,324.61,21.96,0,2.88,299.77
10/21/19,74.67,80.52,44.41,102.73,302.33,24.67,327,21.01,0,3.6,302.39
10/22/19,75.18,78.94,37.22,104.33,295.68,23.77,319.45,22.99,0,3.61,292.85
10/23/19,74,79.64,39.26,99.12,292.02,23.42,315.44,22.04,0,3.44,289.95
10/24/19,81.59,66.1,40.73,101.69,290.1,27.1,317.2,22.17,0,4.07,290.97
10/25/19,68.58,82.4,36.93,100.85,288.76,26.81,315.57,28.99,0,3.34,283.24
10/26/19,59.8,82.2,43.84,111.66,297.5,24.44,321.94,22.55,0,3.66,295.73
10/27/19,46.23,81.92,48.5,120.08,296.74,35.01,331.75,24,0,2.41,305.34
10/28/19,39.8,82.09,45.73,121.07,288.69,35.58,324.27,22.46,0,1.98,299.83
10/29/19,27.33,82.79,47.32,132.14,289.58,34.52,324.1,40.31,0,2.67,281.12
10/30/19,38.76,81.99,33.28,141.37,295.4,35.59,330.99,53.26,0,2.41,275.33
10/31/19,58.01,81.96,6.32,140.32,286.6,32.65,319.25,54.04,0,2.11,263.1
11/1/19,71.02,80.58,0,142.06,293.65,33.75,327.4,55.92,0,2.3,269.18
11/2/19,66.41,83.47,0,140.91,290.78,32.7,323.48,60.63,0,2.08,260.78
11/3/19,59.86,84.44,0,138.46,282.76,35.48,318.24,59.13,0,2.23,256.88
11/4/19,59.59,83.91,0,141.44,284.93,33.19,318.12,59.01,0,2.58,256.53
11/5/19,60.06,81.93,0,141.12,283.11,34.99,318.1,60.35,0,3.77,253.98
11/6/19,59.35,82.04,0,141.32,282.7,34.14,316.84,60.99,0,3.31,252.54
11/7/19,59.48,82.24,0,140.28,282.01,35.41,317.42,60.98,0,3.28,253.16
11/8/19,60.37,81.73,0,140.58,282.68,34.07,316.75,59.96,0,3.32,253.48
11/9/19,59.55,80.3,0,141.19,281.04,34.28,315.32,59.98,0,3.41,251.93
11/10/19,59.76,82.86,0,138.57,281.19,36.79,317.98,61.92,0,3.28,252.78
11/11/19,60.14,81.8,0,140.68,282.62,34.6,317.22,61.45,0,2.99,252.78
11/12/19,60.09,81.63,0,140.66,282.38,37.65,320.03,63,0,3.76,253.27
11/13/19,58.51,80.26,0,139.64,278.41,34.26,312.67,63.02,0,3.61,246.04
11/14/19,59.93,84.54,0,139.83,284.31,34.7,319.01,63.98,0,3.39,251.63
11/15/19,60.11,79.8,0,140.26,280.17,35.58,315.75,67.12,0,3.23,245.4
11/16/19,60.44,79.63,0,131.33,271.4,33.11,304.51,65.99,0,1.82,236.7
11/17/19,56.7,84.87,0,143.41,284.98,36.04,321.02,64.97,0,2.02,254.03
11/18/19,55.85,81.74,0,128.02,265.61,25.25,290.86,66.91,0,2.47,221.48
11/19/19,55.82,78.05,0,124.23,258.1,25.26,283.36,65.12,0,2.83,215.42
11/20/19,54.65,68.45,0,118.01,241.11,24.11,265.22,54.99,0,2.57,207.66
11/21/19,54.48,58.2,0,103.53,216.21,23.55,239.76,48.38,0,2.66,188.72
11/22/19,55.29,59.26,0,97.18,211.72,24.83,236.55,47.36,0,2.66,186.53
11/23/19,55.36,61.18,0,97.67,214.21,26.48,240.69,42.36,0,2.65,195.69
11/24/19,54.6,61.37,0,99.24,215.21,25.68,240.89,43.2,0,2.21,195.48
11/25/19,54.72,61.34,0,102.61,218.66,26.04,244.7,46.2,0,2.08,196.42
11/26/19,48.6,61.14,0,102.3,212.04,23.51,235.55,47.51,0,2.01,186.04
11/27/19,39.55,61.04,0,103.16,203.75,24.88,228.63,46.15,0,2.26,180.23
11/28/19,39.97,59.46,0,103.19,202.62,23.45,226.07,46.79,0,2.04,177.23
11/29/19,39.51,58.75,0,97.75,196.01,22.38,218.39,44.93,0,1.67,171.79
11/30/19,39.95,60.55,0,101.68,202.18,25.61,227.79,45.12,0,1.55,181.12
12/1/19,39.74,59.96,0,104.61,204.31,24.16,228.47,47.96,0,1.72,178.78
12/2/19,39.86,61.62,0,116.43,217.91,24.13,242.04,53.27,0,2.48,186.3
12/3/19,40.04,61.12,0,120.18,221.34,24.53,245.87,54.92,0,3.06,187.89
12/4/19,39.09,62.68,0,118.26,220.03,23.61,243.64,49.91,0,3.35,190.38
12/5/19,40.08,62.9,0,113.81,216.8,23.96,240.76,46.71,0,3.44,190.61
12/6/19,40.57,62.42,0,113.61,216.6,26.78,243.38,44.27,0,3.32,195.79
12/7/19,39.3,62.81,-0.18,112.98,214.92,23.6,238.52,48.35,0,3.25,186.92
12/8/19,39.45,63.57,0,113.94,216.96,26.84,243.8,48.07,0,3.04,192.68
12/9/19,39.88,61.62,0,111.48,212.98,23.9,236.88,51.15,0,2.91,182.81
12/10/19,39.84,61.33,0,111.8,212.97,24.55,237.52,53.94,0,2.88,180.7
12/11/19,39.7,57.51,0,110.42,207.64,25.78,233.42,47.21,0,3.08,183.13
12/12/19,39.41,51.61,0,111.46,202.49,23.59,226.08,45.1,0,2.91,178.06
12/13/19,40.44,52.35,0,111.33,204.12,24.27,228.39,49.19,0,2.79,176.42
12/14/19,39.16,51.75,0,111.24,202.14,24.95,227.09,46.57,0,2.69,177.83
12/15/19,39.83,52.39,0,110.45,202.68,25.71,228.39,48.1,0,2.13,178.16
12/16/19,40.34,50.84,0,93.94,185.11,26.11,211.22,27.94,0,2.48,180.8
12/17/19,39.65,50.59,0,91.19,181.43,25.78,207.21,19.85,0,2.22,185.13
12/18/19,39.3,49.95,0,95.97,185.22,24.51,209.73,21.08,0,2.37,186.28
12/19/19,39.62,53.14,0,102.75,195.52,26.03,221.55,22.95,0,3.02,195.58
12/20/19,39.73,58.29,0,102.97,200.98,25.07,226.05,22.04,0,3.53,200.48
12/21/19,39.99,61.61,0,102.1,203.7,25.3,229,23,0,2.56,203.44
12/22/19,39.99,61.89,0,98.63,200.51,24.98,225.49,23.11,0,2.8,199.58
12/23/19,39.57,56.84,0,94.85,191.26,24.99,216.25,27.99,0,2.6,185.66
12/24/19,39.95,51.61,0,86.79,178.34,24.87,203.21,21.21,0,2.24,179.76
12/25/19,39.42,52.05,0,84.08,175.54,23.84,199.38,18.02,0,1.6,179.76
12/26/19,39.95,46.28,0,75.56,161.78,25.94,187.72,17.94,0,2.64,167.15
12/27/19,39.81,42.8,0,69.83,152.45,24.83,177.28,17.18,0,2.27,157.82
12/28/19,39.74,42.55,0,65.13,147.42,34.21,181.63,19.09,0,1.52,161.03
12/29/19,40.11,41.06,0,59.69,140.85,33.63,174.48,21.07,0,1.77,151.64
12/30/19,39.37,41.63,0,65.04,146.04,37.29,183.33,23.04,0,2.28,158.01
12/31/19,39.8,45.96,0,70.4,156.16,34.23,190.39,23.04,0.1,2.48,164.77
1/1/20,39.56,51.62,0,76.21,167.38,32.98,200.36,22.26,0,3.07,175.04
1/2/20,39.82,49.2,0,77.71,166.72,34.64,201.36,19.02,0,2.28,180.06
1/3/20,40.1,50.69,0,82.23,173.02,35.6,208.62,20.02,0,3.21,185.39
1/4/20,39.89,52.12,0,95.91,187.93,24.88,212.81,24.06,0,2.45,186.3
1/5/20,39.14,52.9,0,108.55,200.58,25.62,226.2,24.02,0,2.97,199.21
1/6/20,39.9,52.24,0,107.28,199.42,27.29,226.71,24.98,0,3.47,198.26
1/7/20,39.83,45.86,0,106.5,192.19,25.57,217.76,24.01,0,2.49,191.25
1/8/20,39.18,39.92,0,107.36,186.47,23.53,210,21.98,0,3.38,184.64
1/9/20,39.78,40.15,0,105.96,185.88,25.18,211.06,22.06,0,3.01,185.99
1/10/20,43.93,42.98,0,96.93,183.83,25.73,209.56,22.99,0,2.83,183.75
1/11/20,49.85,49.45,0,94.32,193.62,26.63,220.25,24.91,0,2.78,192.56
1/12/20,49.95,54.91,0,94.95,199.8,25.46,225.26,23.12,0,2.73,199.41
1/13/20,49.99,51.62,0,89.23,190.84,26.29,217.13,18.02,0,2.72,196.39
1/14/20,49.13,51.1,0,85.16,185.39,25,210.39,20,0,2.97,187.43
1/15/20,49.62,51.89,0,84.96,186.47,26.66,213.13,20.97,0,3.43,188.72
1/16/20,49.55,50.94,0,83.77,184.27,25.25,209.52,20.02,0,2.97,186.52
1/17/20,49.62,50.75,0,83.99,184.36,24.13,208.49,20,0,3.6,184.89
1/18/20,50.31,53.73,0,82.11,186.15,25.41,211.56,19.77,0,3.26,188.52
1/19/20,49.11,54.52,0,84.57,188.2,25.67,213.87,19.32,0,2.56,191.99
1/20/20,49.63,55.32,0,82.57,187.52,25.73,213.25,20.04,0,2.32,190.89
1/21/20,49.69,61.48,0,84.54,195.71,26.25,221.96,23.04,0,2.94,195.98
1/22/20,49.81,60.51,0,83.62,193.93,24.03,217.96,18.24,0,2.6,197.12
1/23/20,49.72,59.72,0,72.44,181.88,26.94,208.82,17.99,0,2.87,187.97
1/24/20,49.47,60.27,0,65.57,175.31,25.12,200.43,19.96,0,2.99,177.48
1/25/20,49.87,62.88,0,65.91,178.67,26.77,205.44,23.96,0,2.52,178.95
1/26/20,49.57,63.21,0,64.89,177.67,23.51,201.18,23.93,0,2.54,174.71
1/27/20,49.92,61.35,0,65.44,176.71,26.36,203.07,21.01,0,2.79,179.27
1/28/20,50.05,61.61,0,72.42,184.08,26.91,210.99,21.96,0,2.73,186.3
1/29/20,50.04,62.26,0,77.37,189.66,26.48,216.14,20.02,0,3.09,193.03
1/30/20,49.15,61.3,0,76.95,187.4,24.79,212.19,21.06,0,2.7,188.43
1/31/20,50.24,59.52,0,80.21,189.97,26.68,216.65,23.01,0,3.38,190.26
2/1/20,48.85,60.67,0,86.19,195.71,26.05,221.76,25.79,0,3.07,192.9
2/2/20,52.58,61.58,0,85.37,199.53,26.12,225.65,29.34,0,2.64,193.67
2/3/20,54.13,63.92,0,90.37,208.42,28.96,237.38,26.89,0,2.68,207.81
2/4/20,51.16,69.51,0,89.03,209.7,29.36,239.06,21.91,0,2.91,214.23
2/5/20,62.04,59.84,0,91.99,213.87,29.07,242.94,20.03,0,3.51,219.4
2/6/20,49.76,63.06,0,82.55,195.37,29.47,224.84,21.97,0,2.94,199.93
2/7/20,49.36,56.9,0,76.9,183.17,29.84,213.01,23.53,0,3.63,185.85
2/8/20,49.89,50.34,0,77.06,177.28,29.33,206.61,25.01,0,2.4,179.2
2/9/20,50.8,51.5,0,76.72,179.01,28.84,207.85,25.03,0,2.44,180.39
2/10/20,49.4,50.58,0,77.57,177.55,29.93,207.48,24.95,0,2.7,179.83
2/11/20,49.29,57.02,0,76.88,183.19,28.34,211.53,22.94,0,3.7,184.89
2/12/20,50.33,62.05,0,76.8,189.18,24.56,213.74,20.08,0,3.09,190.56
2/13/20,49.21,60.89,0,82.11,192.21,26.57,218.78,22.06,0,3.2,193.52
2/14/20,49.01,59.37,0,86.97,195.35,25.5,220.85,24,0,2.83,194.02
2/15/20,49.81,57.84,0,85.01,192.65,24.6,217.25,25,0,2.19,190.06
2/16/20,50.44,51.93,0,86.01,188.38,25.62,214,23.37,0,2.31,188.31
2/17/20,49.35,52.03,0,85.79,187.17,25.47,212.64,22,0,2.65,187.99
2/18/20,49.59,51.48,0,85.82,186.88,26.06,212.94,23.03,0,2.71,187.21
2/19/20,49.9,50.14,0,86.05,186.09,24.84,210.93,23.99,0,2.78,184.16
2/20/20,49.71,51.11,0,91.95,192.77,25.44,218.21,24.01,0,2.83,191.37
2/21/20,49.24,50.34,0,95.01,194.59,25.78,220.37,22.98,0,2.89,194.5
2/22/20,49.76,52.31,0,91.54,193.61,26.16,219.77,19.97,0,2.63,197.17
2/23/20,51.21,51.35,0,80.08,182.64,24.23,206.87,22.19,0,2.4,182.29
2/24/20,48.21,51.91,0,76.18,176.3,25.78,202.08,25.02,0,2.5,174.55
2/25/20,50.43,50.49,0,76.89,177.8,25.55,203.35,21.26,0,2.94,179.15
2/26/20,49.46,51.42,0,82.7,183.58,25.79,209.37,21.03,0,3,185.34
2/27/20,49.84,50.44,0,95.58,195.86,26.15,222.01,21.03,0,3.37,197.61
2/28/20,49.01,50.47,0,95.71,195.19,26.09,221.28,24.36,0,2.96,193.96
2/29/20,50.36,52.56,0,88.75,191.66,25.58,217.24,23.98,0,2.9,190.36
3/1/20,49.67,53.78,0,84.94,188.39,23.09,211.48,23.03,0,2.66,185.79
3/2/20,49.94,51.52,0,86.31,187.77,25.74,213.51,22.74,0,3.02,187.76
3/3/20,49.7,50.85,0,86.2,186.75,24.84,211.59,21.98,0,3.17,186.44
3/4/20,49.57,51.22,0,89.92,190.71,25.83,216.54,21.05,0,3.41,192.08
3/5/20,49.97,51.31,0,97.15,198.44,25.55,223.99,24.04,0,3.31,196.64
3/6/20,48.84,50.37,0,106.37,205.58,26.11,231.69,24.97,0,2.95,203.78
3/7/20,50.07,51,0,111.36,212.42,22.8,235.22,25.97,0,2.86,206.39
3/8/20,50,51.74,0,110.63,212.36,25.01,237.37,25.99,0,3.08,208.3
3/9/20,49.74,51.18,0,112.07,212.99,25.86,238.85,26.02,0,2.87,209.96
3/10/20,49.54,50.32,0,100.79,200.65,25.36,226.01,22.18,0,3.2,200.63
3/11/20,44.61,52.19,0,89.84,186.64,23.31,209.95,18,0,2.5,189.46
3/12/20,40.14,46.24,0,78.91,165.29,24.97,190.26,17.32,0,3.19,169.75
3/13/20,39.18,40.59,0,74.01,153.78,26.49,180.27,20.91,0,2.99,156.38
3/14/20,39.52,41.84,-0.04,74.22,155.54,26.14,181.68,22.89,0,2.97,155.83
3/15/20,40.23,41.36,-0.04,72.89,154.43,22.64,177.07,22.11,0,2.64,152.32
3/16/20,38.65,40.95,28.11,74.24,181.95,27.31,209.26,20.95,0,2.62,185.69
3/17/20,40.08,40.89,46.92,69.04,196.92,26.9,223.82,20.94,0,3.22,199.66
3/18/20,36.76,41.73,51.83,64.55,194.87,23.89,218.76,19.06,0,3.34,196.36
3/19/20,35.04,41.92,45.95,35.31,158.22,24.8,183.02,15.26,0,2.97,164.79
3/20/20,34.53,39.74,42.79,43.18,160.24,25.55,185.79,24.13,0,3.21,158.44
3/21/20,34.71,40.96,43.33,43.41,162.42,25.1,187.52,24.05,0,3.76,159.71
3/22/20,35.27,46.34,44.58,47.41,173.6,24.42,198.02,25.02,0,2.75,170.25
3/23/20,34.76,49.69,43.13,54.89,182.47,24.44,206.91,25.32,0,2.54,179.04
3/24/20,37.59,50.41,49.14,60.61,197.75,25.6,223.35,19.22,0,3.6,200.53
3/25/20,39.41,50.04,50.38,65.14,204.97,25.13,230.1,22,0,3.08,205.02
3/26/20,39.94,50.56,52.28,64.26,207.04,25.51,232.55,22,0,3.62,206.93
3/27/20,39.27,50.84,49.46,57.35,196.92,23.97,220.89,21,0,3.58,196.3
3/28/20,40.1,48.05,44.81,54.01,186.97,33.32,220.29,21.73,0,3.08,195.49
3/29/20,40.11,43.05,44.2,53.8,181.16,35.65,216.81,24.03,0,2.98,189.8
3/30/20,39.77,48.29,51.24,54.1,193.4,35.33,228.73,21.79,0,3.44,203.5
3/31/20,39.64,52.99,50.84,53.62,197.09,35.03,232.12,23.82,0,3.41,204.89
4/1/20,39.65,52.55,52.13,54.88,199.22,32.87,232.09,24.18,0,4.02,203.88
4/2/20,39.83,51.82,51.89,53.92,197.46,35.41,232.87,23.04,0,3.53,206.3
4/3/20,39.29,51.11,53.68,59.79,203.86,33.7,237.56,25.95,0,3.64,207.98
4/4/20,39.8,51.57,56.87,68.5,216.73,22.62,239.35,25.29,0,3.28,210.78
4/5/20,40.28,53.11,61.82,74.1,229.31,25.66,254.97,27,0,2.77,225.2
4/6/20,39.66,52.16,61.94,83.54,237.3,26.73,264.03,26.03,0,3.22,234.79
4/7/20,39.61,50.48,64.09,87.44,241.62,26.01,267.63,25.93,0,3.39,238.31
4/8/20,39.93,50.55,59.69,77.86,228.03,22.77,250.8,25.08,0,3.5,222.22
4/9/20,39.72,51.09,62.49,74.9,228.2,25.42,253.62,27.42,0,3.31,222.89
4/10/20,39.4,51.41,61.2,73.95,225.95,24.19,250.14,25.09,0,4.25,220.81
4/11/20,39.96,50.24,63.01,74.17,227.37,24.7,252.07,26.07,0,3.67,222.33
4/12/20,39.89,50.13,61.19,75.15,226.37,25.61,251.98,28.98,0,2.36,220.63
4/13/20,39.99,50.71,64.39,72.92,228.01,24.86,252.87,28.06,0,1.98,222.83
4/14/20,39.58,50.83,64.01,69.45,223.87,24.62,248.49,28.49,0,3.44,216.56
4/15/20,39.92,50.36,82.06,65.35,237.69,24.56,262.25,19.25,0,4.35,238.65
4/16/20,39.97,50.57,91.31,63.36,245.21,24.93,270.14,21.62,0,3.2,245.32
4/17/20,39.02,50.25,97.8,65.06,252.13,24.02,276.15,14.98,0,3.45,257.72
4/18/20,39.89,50.05,96.62,59.74,246.31,24.33,270.64,12.99,0,3.13,254.52
4/19/20,40.07,51.36,94.58,54.25,240.26,21.98,262.24,16.75,0,2.47,243.02
4/20/20,40,50.76,98.84,54.73,244.33,25.63,269.96,15.01,0,3.12,251.84
4/21/20,39.76,50.97,93.83,58.99,243.54,25.09,268.63,18.24,0,3.55,246.85
4/22/20,39.79,50.25,99.53,70.92,260.49,25.46,285.95,28.01,0,3.68,254.25
4/23/20,56.66,33.81,105.71,69.1,265.28,23.67,288.95,31.01,0,3.52,254.42
4/24/20,39.96,50.12,115.05,67.33,272.46,25.27,297.73,31.01,0,3.56,263.16
4/25/20,40.68,51.06,120.8,72.9,285.44,25.86,311.3,30.11,0,3.53,277.66
4/26/20,40.98,51.46,122.77,80.8,296.01,25.15,321.16,31.99,0,2.69,286.48
4/27/20,11.99,70.82,121.1,96.97,300.89,25.15,326.04,31.35,0,3.68,291.01
4/28/20,3.01,74,121.63,103.27,301.91,25.26,327.17,30.03,0,4.21,292.92
4/29/20,0,71,122.59,88.6,282.19,25.19,307.38,30.02,0,3.78,273.58
4/30/20,28.9,56.64,120.64,79.42,285.6,25.22,310.82,34.98,0,4.22,271.61
5/1/20,40.52,51.13,113.93,96.17,301.74,24.69,326.43,33.04,0,3.95,289.45
5/2/20,40.88,50.9,103.91,106.36,302.05,24.89,326.94,26.19,0,3.41,297.34
5/3/20,41.5,50.49,110.98,104.21,307.18,25.85,333.03,31.77,0,2.92,298.34
5/4/20,61.38,16.94,112.41,113.1,303.83,25.18,329.01,30.98,0,3,295.03
5/5/20,69.19,0,116.53,115.02,300.74,24.94,325.68,32.06,0,2.69,290.93
5/6/20,70.3,0,116.62,120.99,307.91,31.16,339.07,34.52,0,4.1,300.45
5/7/20,69.48,0,117.21,130.49,317.18,30.12,347.3,35.85,0,4.08,307.37
5/8/20,70.09,0,118.66,132.88,321.63,28.1,349.73,30.03,0,3.9,315.8
5/9/20,69.32,0,123.74,131.71,324.77,27.85,352.62,29.99,0,2.86,319.78
5/10/20,70.1,0,123.31,121.94,315.35,30.22,345.57,29.94,0,3.42,312.21
5/11/20,55.49,33.47,125.23,109.1,323.28,1.18,324.46,27.96,0,3.15,293.35
5/12/20,50.15,50.59,124.11,102.5,327.34,0.52,327.86,26.95,0,4.16,296.75
5/13/20,51.79,50.15,121.27,102.9,326.11,1.19,327.3,26.06,0,3.77,297.47
5/14/20,48.39,50.9,115.36,105.49,320.13,17.11,337.24,28.26,0,4.15,304.84
5/15/20,50.26,49.59,111.23,112.95,324.03,27.81,351.84,34,0,3.56,314.27
5/16/20,50.42,50.54,108.35,113.4,322.71,30.67,353.38,34.02,0,3.99,315.37
5/17/20,50.81,51.88,109.36,113.31,325.36,25.29,350.65,32.96,0,3.52,314.17
5/18/20,50.18,49.97,103.4,114.49,318.03,28.49,346.52,32,0,3.86,310.67
5/19/20,50.16,49.77,102.22,97.82,299.97,28.28,328.25,31.98,0,4.59,291.68
5/20/20,50.57,51.69,107.12,107.81,317.18,30.8,347.98,31.25,0,4.58,312.16
5/21/20,50.05,49.81,108.43,110.95,319.24,30.08,349.32,42.98,0,4.23,302.11
5/22/20,50.07,49.59,107.47,110.94,318.07,29.4,347.47,43.11,0,4.27,300.09
5/23/20,50.16,51.39,105.31,114.97,321.84,30.94,352.78,45.21,0,4.46,303.11
5/24/20,50.88,51.07,110.9,123.61,336.46,26.42,362.88,42.89,0,3.16,316.83
5/25/20,50.33,50.39,115.05,128.93,344.7,29.52,374.22,40.02,0,2.3,331.89
5/26/20,50.64,52.01,116.16,129.42,348.23,30.81,379.04,39,0,3.71,336.33
5/27/20,49.85,50.29,115.99,128.61,344.74,34.22,378.96,45.28,0,4.58,329.11
5/28/20,50.34,50.55,108.94,129.37,339.2,35.37,374.57,45.02,0,4.43,325.12
5/29/20,50.07,49.86,107.58,130.93,338.43,34.64,373.07,44.07,0,4.41,324.59
5/30/20,50.2,53.32,109.46,137.61,350.59,35.39,385.98,46.04,0,4.47,335.47
5/31/20,51.11,51.56,113.71,135.16,351.54,37.4,388.94,46.73,0,3.94,338.27
6/1/20,49.99,50.08,117.34,135.84,353.24,32.23,385.47,45.29,0,4.6,335.58
6/2/20,50.15,51.6,121.03,134.98,357.76,31.1,388.86,46.05,0,4.71,338.1
6/3/20,50.72,50.29,122.98,137.85,361.84,28.65,390.49,40.01,0,4.91,345.57
6/4/20,49.86,49.36,120.64,133.37,353.23,28.53,381.76,41.96,0,4.61,335.19
6/5/20,50.31,51.41,122.54,134.94,359.2,40.02,399.22,43.03,0,5.11,351.08
6/6/20,50.33,50.22,121.31,135.49,357.35,27,384.35,45.08,0,4.36,334.91
6/7/20,50.58,51.77,121.55,135.55,359.45,28.38,387.83,44.03,0,3.79,340.01
6/8/20,50.5,51.1,120.04,135.25,356.89,31.65,388.54,42.02,0,4.46,342.07
6/9/20,50.08,49.21,119.62,135.53,354.45,29.1,383.55,41.73,0,4.11,337.71
6/10/20,50.17,50.98,123.18,136.43,360.76,31.15,391.91,39.03,0,4.41,348.47
6/11/20,45.43,51.73,126.49,134.68,358.33,28.01,386.34,41.06,0,4.15,341.13
6/12/20,39.46,50.32,121.4,135.23,346.41,27.74,374.15,41.98,0,4.72,327.45
6/13/20,44.64,51.43,124.8,135.22,356.09,30.09,386.18,45.53,0,3.74,336.91
6/14/20,50.52,51.93,119.98,134.83,357.26,28.65,385.91,46.06,0,3.63,336.22
6/15/20,49.56,50.98,120.51,142.8,363.85,26.6,390.45,45.34,0,4.37,340.74
6/16/20,49.78,51.57,121.52,139.53,362.4,31.68,394.08,45.07,0,4.49,344.52
6/17/20,49.79,53.35,127.27,147.81,378.22,30.19,408.41,43.97,0,4.46,359.97
6/18/20,50.14,52.25,132.96,147.5,382.84,26.43,409.27,41.08,0,3.94,364.25
6/19/20,49.86,51.68,131.16,140.32,373.02,27.26,400.28,42.94,0,5.33,352.02
6/20/20,50.37,52.96,128.4,131.04,362.77,27.23,390,44.8,0,4.77,340.43
6/21/20,49.95,55.32,129.79,126.15,361.21,26.77,387.98,44,0,3.95,340.03
6/22/20,50.03,53.05,127.87,126.7,357.65,26.4,384.05,44,0,3.86,336.19
6/23/20,50.46,51.53,126.56,129.32,357.87,26.2,384.07,43.99,0,4.65,335.43
6/24/20,49.21,51.22,129.08,136.88,366.39,26.28,392.67,42.1,0,4.28,346.29
6/25/20,49.84,52.62,127.5,152.34,382.3,27.04,409.34,44.05,0,4.9,360.39
6/26/20,49.85,51.37,129.07,157.12,387.41,25.93,413.34,44.01,0,4,365.33
6/27/20,49.7,51.63,128.7,155.02,385.04,26.19,411.23,43.09,0,4.66,363.49
6/28/20,50.47,52.68,126.67,150.17,379.99,25.82,405.81,43.01,0,3.51,359.29
6/29/20,49.64,50.88,125.75,147.25,373.51,28.67,402.18,44.77,0,4.22,353.19
6/30/20,50.26,51.35,124.88,143.26,369.75,28.74,398.49,47.88,0,4.5,346.11
7/1/20,49.49,52.39,123.74,134.83,360.46,28.34,388.8,46.1,0,4.64,338.05
7/2/20,52.41,57.09,124.49,135.19,369.18,25.24,394.42,44.14,0,4.32,345.96
7/3/20,54.27,58.62,126.56,138.42,377.86,27.71,405.57,42.2,0,5.13,358.24
7/4/20,54.29,62.33,124.29,133.58,374.49,26.33,400.82,42.04,0,3.5,355.28
7/5/20,56.18,62.36,121.63,135.44,375.61,25,400.61,41.98,0,3.58,355.05
7/6/20,55.73,61.34,124.87,136.07,378.01,26.56,404.57,44.02,0,4.59,355.96
7/7/20,56.28,62.18,119.8,135.56,373.83,27.57,401.4,45.97,0,4.17,351.26
7/8/20,55.08,60.48,125.08,141.85,382.49,29.12,411.61,47.93,0,5,358.69
7/9/20,60.36,64.6,115.75,151.66,392.37,26.13,418.5,47.14,0,4.72,366.64
7/10/20,65.31,69.99,101.36,159.48,396.14,25.57,421.71,47.19,0,4.08,370.45
7/11/20,65.95,74.01,94.39,160.78,395.13,25.82,420.95,48.06,0,4.05,368.84
7/12/20,67.03,80.51,94.04,159.86,401.44,25.81,427.25,46.29,0,4.03,376.94
7/13/20,65.26,80.53,96.3,161.5,403.6,28.08,431.68,46.95,0,4.39,380.34
7/14/20,65.33,79.36,90.51,161.65,396.85,25.57,422.42,46.16,0,4.92,371.34
7/15/20,65.87,76.7,96.64,163.26,402.46,27.96,430.42,43.02,0,4.29,383.11
7/16/20,60.44,69.79,93.53,161.16,384.91,26.07,410.98,43,0,4.45,363.53
7/17/20,54.34,70.71,95.29,160.21,380.54,26.5,407.04,42.96,0,4.67,359.41
7/18/20,55.12,71.57,93.75,162.82,383.27,26.23,409.5,43.79,0,4.71,361
7/19/20,54.87,71.09,94.5,160.98,381.44,26.29,407.73,46.04,0,4.05,357.64
7/20/20,55.09,70.8,96.73,164.84,387.46,28.12,415.58,49.05,0,4.46,362.08
7/21/20,49,72.43,92.48,177.37,391.28,28.15,419.43,48.08,0,4.6,366.75
7/22/20,39.85,65.86,102.11,178.7,386.53,24.79,411.32,42.87,0,4.88,363.57
7/23/20,34.45,66.66,103.52,180.35,384.97,23.57,408.54,42.97,0,4.35,361.22
7/24/20,39.77,60.2,99.94,176.03,375.94,23.54,399.48,42.91,0,4.66,351.91
7/25/20,39.55,60.21,97.97,165.96,363.69,25.12,388.81,43.02,0,4.31,341.47
7/26/20,40.34,61.63,97.18,164.76,363.91,23.43,387.34,42.69,0,3.97,340.68
7/27/20,40.05,62.73,97.88,177.65,378.3,25.42,403.72,42.04,0,4,357.68
7/28/20,39.9,66.78,97.47,178.02,382.17,24.8,406.97,42.99,0,4.55,359.43
7/29/20,39.59,72.46,100.56,181.19,393.8,23.64,417.44,43.99,0,4.76,368.69
7/30/20,39.77,69.89,109.9,178.63,398.18,23.13,421.31,45.06,0,4.97,371.29
7/31/20,45.25,70.21,106.89,178.73,401.09,25.49,426.58,47.96,0,4.13,374.49
8/1/20,54.78,71.9,109.41,179.5,415.59,25.92,441.51,49.96,0,4.52,387.03
8/2/20,53.26,71.17,103.23,178.09,405.75,23.71,429.46,50.05,0,3.97,375.44
8/3/20,49.91,71.68,103.6,178.03,403.22,22.89,426.11,51.95,0,4.68,369.48
8/4/20,50.02,70.65,101.9,181.1,403.67,23.64,427.31,47.98,0,4.23,375.1
8/5/20,50.03,69.75,100.35,179.22,399.35,28.31,427.66,46.15,0,5.32,376.2
8/6/20,49.33,69.82,107.19,179.11,405.45,0.59,406.04,42.09,0,4.75,359.2
8/7/20,50.06,68.09,104.35,179.14,401.65,27.84,429.49,42.97,0,5.15,381.37
8/8/20,51.97,71.95,93.96,178.96,396.84,31.37,428.21,45.08,0,4.06,379.07
8/9/20,50.54,71.92,88.25,180.04,390.74,28.7,419.44,47.09,0,4.33,368.02
8/10/20,50.52,69.95,91.45,178.75,390.67,29.92,420.59,47.01,0,4.79,368.79
8/11/20,50.82,70.79,101.43,179.1,402.14,30.29,432.43,47.99,0,4.75,379.69
8/12/20,56.84,69.76,100.75,175.18,402.53,28.78,431.31,46.95,0,5.2,379.16
8/13/20,61.19,71.52,101.47,171.74,405.92,28.32,434.24,44.04,0,3.89,386.31
8/14/20,60.63,68.33,100.84,171.51,401.31,30.74,432.05,43.99,0,5.18,382.88
8/15/20,60.31,72.9,99.1,171,403.31,26.58,429.89,46.76,0,4.37,378.76
8/16/20,61.39,72.64,102.42,171.54,407.99,27.25,435.24,47.98,0,5.11,382.15
8/17/20,61.39,70.12,99.85,167.29,398.65,29.62,428.27,46.89,0,5.38,376
8/18/20,60.16,70.26,98.47,166.78,395.67,28.06,423.73,44.14,0,5.18,374.41
8/19/20,61.03,69.77,90.7,172.45,393.95,30.62,424.57,43.37,0,4.91,376.28
8/20/20,60.42,71.08,96.31,169.04,396.85,28.47,425.32,43.11,0,5.11,377.09
8/21/20,56.84,64.87,97.61,163.33,382.65,29.5,412.15,46.91,0,4.69,360.55
8/22/20,50.2,71.37,93.98,161.58,377.13,29.63,406.76,47.2,0,4.02,355.54
8/23/20,50.35,73.64,100.09,155.57,379.64,27.58,407.22,45.99,0,4.14,357.1
8/24/20,50.01,71.01,95.33,156.23,372.58,31.48,404.06,45.08,0,4.66,354.32
8/25/20,54.53,71.14,94.64,160.5,380.81,26.74,407.55,45.14,0,4.97,357.43
8/26/20,60.53,71.14,103.45,167.14,402.25,27.66,429.91,47.57,0,4.73,377.62
8/27/20,60.98,71.58,107.1,172.23,411.88,31.53,443.41,58.93,0,5.4,379.08
8/28/20,54.61,64.98,106.72,170.66,396.97,25.92,422.89,59.08,0,4.55,359.26
8/29/20,49.84,61.93,103.78,171.61,387.17,26.29,413.46,58.1,0,4.82,350.54
8/30/20,50.06,60.15,98.89,171.25,380.35,22.88,403.23,56.61,0,3.81,342.8
8/31/20,49.72,61.39,79.32,170.38,360.81,26.34,387.15,54.17,0,4.11,328.87
9/1/20,49.64,61.09,69.91,173.86,354.5,18.82,373.32,52.97,0,4.81,315.54
9/2/20,49.68,61.85,101.88,170.46,383.88,26.18,410.06,49.27,0,4.77,356.02
9/3/20,49.58,59.77,102.84,170.85,383.05,23.15,406.2,52.1,0,4.63,349.47
9/4/20,49.73,59.44,109.38,173.67,392.22,24.34,416.56,54.16,0,4.65,357.75
9/5/20,54.02,70.17,106.51,162.39,393.09,25.27,418.36,55.93,0,5,357.44
9/6/20,60.61,71.67,107.36,162.14,401.77,25.22,426.99,56.1,0,3.69,367.2
9/7/20,59.76,71.11,104.6,163.04,398.5,22.54,421.04,56.1,0,4.73,360.21
9/8/20,59.77,70.16,105.53,163.36,398.82,25.81,424.63,55.95,0,4.19,364.49
9/9/20,59.62,70.27,106.06,162.61,398.56,25.3,423.86,55.76,0,4.8,363.31
9/10/20,55.2,69.41,107.36,161.77,393.74,25.65,419.39,52.92,0,4.01,362.46
9/11/20,49.82,64.92,99.33,148.38,362.45,24.82,387.27,51.24,0,4.56,331.47
9/12/20,51.27,61.96,89.28,145.77,348.27,24.97,373.24,50.11,0,4.02,319.11
9/13/20,50.87,62.14,90.27,138.39,341.67,25.12,366.79,50.03,0,4.05,312.71
9/14/20,50.59,61.85,90.67,138.93,342.05,29.04,371.09,48.99,0,4.23,317.87
9/15/20,50.87,61.3,93.94,148.38,354.49,25,379.49,51.97,0,4.8,322.72
9/16/20,50.76,59.5,99.35,163.36,372.97,25.5,398.47,52.03,0,4.31,342.13
9/17/20,50.71,62.85,98.8,168.19,380.55,25.86,406.41,52.24,0,4.86,349.3
9/18/20,50.65,59.31,100.76,167,377.72,25.63,403.35,53.14,0,4.9,345.31
9/19/20,51.91,61.35,98.49,160.11,371.86,24.25,396.11,52.93,0,4.31,338.87
9/20/20,49.8,62.77,99.1,149.5,361.17,25.6,386.77,50.25,0,4.17,332.36
9/21/20,50.77,61.18,97.04,132.68,341.67,28.96,370.63,48.93,0,4.6,317.1
9/22/20,50.58,62.68,97.35,127.59,338.2,29.05,367.25,49.51,0,4.43,313.32
9/23/20,50.31,61.86,91.98,128.39,332.53,29.85,362.38,47.11,0,4.88,310.4
9/24/20,51.68,59.78,91.52,133.98,336.96,30.55,367.51,47.26,0,4.75,315.5
9/25/20,50.12,59.9,91.81,142.37,344.21,30.93,375.14,50.09,0,5.04,320
9/26/20,50.74,61.93,94.66,158.52,365.84,31.21,397.05,50.26,0,4.53,342.26
9/27/20,50.92,58.01,87.2,161.2,357.33,30.62,387.95,48.47,0,4.17,335.31
9/28/20,51.08,52.17,80.21,151.85,335.31,29.84,365.15,53.46,0,4.11,307.58
9/29/20,50.69,50.86,78.82,137.01,317.39,27.08,344.47,48.96,0,4.35,291.16
9/30/20,71.76,28.54,95.08,136.95,332.32,30.72,363.04,49.46,0,4.56,309.02
10/1/20,49.48,50.72,97.03,138.17,335.4,29.09,364.49,22.13,0,4.32,338.04
10/2/20,49.98,49.21,92.24,123.65,315.09,29.71,344.8,26.98,0,4.58,313.23
10/3/20,49.95,50.98,85.64,113.7,300.26,27.92,328.18,25.06,0,4.02,299.1
10/4/20,50.69,52.85,74.81,99.04,277.39,30.31,307.7,22.9,0,3.86,280.94
10/5/20,50.63,51.89,87.48,95.1,285.1,29.01,314.11,21.02,0,4.31,288.78
10/6/20,50.69,53.87,95.64,95.16,295.36,29.28,324.64,21.89,0,4.44,298.32
10/7/20,50.96,66.69,102.68,95.5,315.84,27.28,343.12,23.52,0,4.61,314.99
10/8/20,50.61,68.18,106.19,93.85,318.82,30.74,349.56,25.87,0,4.37,319.33
10/9/20,50.26,66.98,106.13,93.88,317.25,30.89,348.14,25.99,0,3.96,318.18
10/10/20,51.4,71.87,102.66,94.44,320.37,29.27,349.64,27.01,0,4.5,318.12
10/11/20,50.91,71.11,105.38,92.95,320.35,31.63,351.98,26.86,0,3.58,321.54
10/12/20,64.11,71.13,107.41,80.69,323.34,23.94,347.28,24.93,0,3.04,319.31
10/13/20,69.86,70.14,104.75,66.35,311.1,25.31,336.41,26,0,4.57,305.84
10/14/20,69.73,70.53,104.09,82.62,326.96,25.52,352.48,26.79,0,4.34,321.35
10/15/20,84.83,69.97,105.95,64,324.74,22.42,347.16,27.93,0,3.96,315.28
10/16/20,89.34,70.58,104.82,58.2,322.93,24.92,347.85,28.02,0,4.16,315.67
10/17/20,91.62,70.44,107.09,58.1,327.24,25.78,353.02,27.99,0,3.71,321.33
10/18/20,94.53,72.52,105.38,57.34,329.77,26.8,356.57,28.18,0,3.62,324.77
10/19/20,109.78,72.17,102.84,18.18,302.97,25.72,328.69,9.64,0,3.54,315.51
10/20/20,109.27,69.79,107.22,0,286.28,25.5,311.78,0,0,4.3,307.48
10/21/20,109.74,73.46,103.42,12.41,299.03,23.36,322.39,0,0,3.66,318.73
10/22/20,109.37,81.26,105.9,38.85,335.39,23.98,359.37,0,0,3.61,355.75
10/23/20,109.35,77.88,99.06,8.17,294.46,26.07,320.53,1,0,4.45,315.08
10/24/20,102.65,81.61,99.66,0,283.91,22.87,306.78,0,0,3.29,303.5
10/25/20,97.53,82,97.62,0,277.15,25.09,302.24,0,0,3.05,299.19
10/26/20,90.3,81.03,104.41,0,275.74,24.25,299.99,0,0,3.28,296.72
10/27/20,104.16,83.9,70.88,0,258.93,25.29,284.22,0,0,2.59,281.63
10/28/20,108.85,80.8,99.57,0,289.21,22.51,311.72,0,0,2.42,309.3
10/29/20,107.99,77.96,96.48,0,282.43,26.2,308.63,0,0,2.7,305.93
10/30/20,99.16,70.58,101.51,0,271.25,26.66,297.91,0,0,2.87,295.04
10/31/20,99.7,73.23,113.51,0,286.44,26.8,313.24,0,0,2.28,310.96
11/1/20,98.22,71.36,107.24,0,276.82,24.83,301.65,0,0,2.73,298.92
11/2/20,96.02,71.92,105.04,0,272.97,24.98,297.95,0,0,3.5,294.46
11/3/20,101.8,72.52,107.98,0,282.3,26.25,308.55,0,0,4.11,304.44
11/4/20,105.58,71.92,111.8,0,289.29,24.34,313.63,0,0,3.48,310.15
11/5/20,102.01,70.09,112.27,0,284.36,25.05,309.41,0,0,4.28,305.13
11/6/20,99.09,69.98,111.73,0,280.81,24.45,305.26,0,0,4.63,300.62
11/7/20,95.08,70.59,109.28,0,274.95,25.37,300.32,0,0,3.78,296.54
11/8/20,85.16,71.31,98.54,0,255.01,23.8,278.81,0,0,2.94,275.87
11/9/20,82.34,70.43,93.29,0,246.06,24.91,270.97,0,0,3.55,267.42
11/10/20,91.43,70.56,86.45,0,248.43,24.84,273.27,0,0,3.24,270.03
11/11/20,99.38,71.49,80.96,0,251.83,27.44,279.27,0,0,3.49,275.79
11/12/20,98.84,71.49,72.68,0,243,26.05,269.05,0,0,3.58,265.47
11/13/20,99.45,70.14,72.31,0,241.9,24.71,266.61,0,0,3.49,263.12
11/14/20,99.62,72.83,74.64,0,247.09,24.88,271.97,0,0,2.99,268.98
11/15/20,100.76,73.38,81.1,0,255.24,24.47,279.71,0,0,3.27,276.43
11/16/20,99.27,72.08,78.87,0,250.22,26.02,276.24,0,0,3.56,272.68
11/17/20,99.6,71.52,80.51,0,251.63,24.88,276.51,0,0,3.83,272.68
11/18/20,101.66,71.2,77.24,0,250.11,28.45,278.56,0,0,3.98,274.58
11/19/20,104.89,70.53,74.64,0,250.05,22.43,272.48,0,0,3.61,268.88
11/20/20,103.45,70.76,74.7,0,248.91,25.77,274.68,0,0,4.06,270.62
11/21/20,101.15,70.79,70.2,0,242.14,23.93,266.07,0,0,3.82,262.26
11/22/20,100.52,73.32,73.92,0,247.76,22.64,270.4,0,0,2.91,267.49
11/23/20,98.56,72.25,75.13,0,245.94,29.85,275.79,0,0,2.8,272.99
11/24/20,91.22,71.66,70.65,0,233.53,28.17,261.7,0,0,2.95,258.75
11/25/20,83.87,72.65,56.83,0,213.34,31.1,244.44,0,0,2.16,242.28
11/26/20,83.71,71.37,57.65,0,212.73,34.19,246.92,0,0,3.11,243.81
11/27/20,86.39,64.72,57.06,0,208.17,36.52,244.69,0,0,2.14,242.55
11/28/20,82.24,60.37,56.98,0,199.59,37.21,236.8,0,0,2.41,234.39
11/29/20,80.8,64.06,50.49,0,195.35,33.76,229.11,0,0,2.12,226.99
11/30/20,81.51,66.78,60.3,0,208.59,35.76,244.35,0,0,2.64,241.71
12/1/20,85.36,70.72,65.43,0,221.51,35.07,256.58,0,0,3.73,252.85
12/2/20,84.07,72.65,59.47,0,216.19,36.98,253.17,0,0,3.13,250.04
12/3/20,85.01,67.34,63.86,0,216.21,33.23,249.44,0,0,3.29,246.15
12/4/20,84.07,68.02,58.13,0,210.22,34.79,245.01,0,0,3.23,241.77
12/5/20,85.35,71.3,60.05,0,216.69,34.52,251.21,0,0,2.96,248.25
12/6/20,84.27,73.73,60.81,0,218.8,34.95,253.75,0,0,3.21,250.55
12/7/20,84.81,70.92,61.07,0,216.8,23.26,240.06,0,0,3.36,236.69
12/8/20,83.1,71.09,63.68,0,217.87,24.87,242.74,0,0,3.41,239.33
12/9/20,79.64,63.12,58.13,0,200.88,23.72,224.6,0,0,3.24,221.37
12/10/20,76.1,61.63,62.62,0,200.35,24.33,224.68,0,0,2.91,221.77
12/11/20,69.7,59.12,60.7,0,189.52,24.66,214.18,0,0,3.12,211.06
12/12/20,64.28,61.15,64.14,0,189.57,22.96,212.53,0,0,2.98,209.55
12/13/20,60.52,58.76,57.89,0,177.17,24.24,201.41,0,0,2.57,198.84
12/14/20,67.16,61.55,58.82,0,187.54,23.7,211.24,0,0,2.59,208.65
12/15/20,70.36,59.7,67.42,0,197.48,24.22,221.7,0,0,3.21,218.49
12/16/20,75.88,61.01,52.85,0,189.74,23.4,213.14,0,0,3.04,210.11
12/17/20,79.56,60.59,67.91,0,208.06,24.53,232.59,0,0,3.11,229.48
12/18/20,84.38,60.56,67.1,0,212.03,24.62,236.65,0,0,2.91,233.75
12/19/20,82.67,60.98,66.03,0,209.68,24.26,233.94,0,0,2.7,231.24
12/20/20,80.43,61.56,57.3,0,199.29,24.7,223.99,0,0,2.5,221.5
12/21/20,79.72,61.04,56.25,0,197.01,23.65,220.66,0,0,2.43,218.23
12/22/20,79.69,60.47,63.64,0,203.8,25.15,228.95,0,0,3.13,225.82
12/23/20,79.25,60.68,61.58,0,201.52,24.55,226.07,0,0,2.97,223.1
12/24/20,79.68,59.04,57.53,0,196.25,24.79,221.04,0,0,2.52,218.53
12/25/20,77.63,59.28,54.2,0,191.11,22.83,213.94,0,0,1.44,212.5
12/26/20,71.04,60.57,53.56,0,185.16,25.04,210.2,0,0,1.81,208.39
12/27/20,67.18,60.21,53.59,0,180.97,25.11,206.08,0,0,1.6,204.48
12/28/20,64.28,60.74,59.92,0,184.94,25.39,210.33,0,0,2.65,207.69
12/29/20,64.66,58.02,68.33,0,191.01,24.3,215.31,0,0,2.83,212.48
12/30/20,64.79,60.04,72.23,16.3,213.36,24.58,237.94,0,0,2.82,235.12
12/31/20,65.76,50.53,76.17,0,192.46,23.55,216.01,0,0,2.68,213.32
1/1/21,64.09,46.92,73.24,35.91,220.16,26.28,246.44,9.89,0,2.72,233.83